Location|Age|SiO2|TiO2|Al2O3|FeOT|MnO|MgO|CaO|Na2O|K2O
Gorgona Island|86|44.56|0.64|11.17|11.4311431143114|0.2|20.11|9.88|0.68|0.03
Gorgona Island|86|44.5|0.62|10.55|10.954095409541|0.19|20.98|10.05|0.85|0.05
Gorgona Island|86|44.65|0.61|10.11|11.3141314131413|0.19|22.08|8.91|0.81|0.02
Gorgona Island|87|46.5|0.67|12.3|11.3|0.18|17.1|10.5|1.33|0.02
Gorgona Island|87|45.96|0.401|12.63|10.8365734265734|0.206|17.28|9.44|1.69|0.073
Gorgona Island|87|47|0.65|12.3|11.069|0.18|17.3|10.6|1.2|0.05
Gorgona Island|87|44.7|0.66|11.62|11.37|0.19|17.31|10.68|2.08|0.06
Gorgona Island|87|47.4|0.635|12.4|10.2|0.22|17.6|10.7|1.16|0.01
Gorgona Island|87|46.45|0.7|11.88|11.1873006993007|0.18|17.79|10.07|1.11|0.04
Gorgona Island|87|46.45|0.7|11.88|11.1873006993007|0.18|17.79|10.07|1.11|0.04
Gorgona Island|87|44.7|0.67|12|12.5|0.19|18|9.97|0.92|0.03
Gorgona Island|87|47.1|0.7|11.84|11.4301118881119|0.18|18.04|9.67|0.84|0.044
Gorgona Island|87|47.1|0.7|11.84|11.4301118881119|0.18|18.04|9.67|0.84|0.044
Gorgona Island|87|45.13|0.64|11.78|11.2592447552447|0.18|18.25|10.1|1.3|0.06
Gorgona Island|87|46|0.59|12|11|0.16|18.4|10.3|1.11|0.02
Gorgona Island|87|45.55|0.65|11.89|11.1333426573427|0.18|18.42|10.19|1.31|0.06
Gorgona Island|87|45.55|0.65|11.89|11.38|0.18|18.42|10.19|1.31|0.06
Gorgona Island|87|46.3|0.61|11.9|10.6|0.18|18.9|10.2|1.16|0.02
Gorgona Island|87|44.91|0.64|11.6|11.2412587412587|0.18|18.96|9.93|1.21|0.03
Gorgona Island|87|45.22|0.64|11.68|11.0883776223776|0.18|19.09|10|0.22|0.03
Gorgona Island|87|45.22|0.64|11.68|11.33|0.18|19.09|10|1.22|0.03
Gorgona Island|87|46.36|0.66|11.5|11.0074405594406|0.18|19.35|9.43|0.81|0.12
Gorgona Island|87|46.08|0.66|11.19|10.9354965034965|0.18|19.94|9.2|0.71|0.036
Gorgona Island|87|44.56|0.64|11.17|11.42|0.2|20.11|9.88|0.68|0.03
Gorgona Island|87|45.6|0.6|11.2|10.6|0.21|20.5|9.89|0.96|0.04
Gorgona Island|87|45.79|0.63|10.74|10.9624755244755|0.18|20.86|9.1|0.89|0.033
Gorgona Island|87|44.5|0.62|10.55|10.94|0.19|20.98|10.05|0.85|0.05
Gorgona Island|87|46.1|0.63|10.8|11.1|0.18|21|9.17|0.9|0.03
Gorgona Island|87|44.46|0.63|10.58|11.5|0.18|21.45|9.46|1.02|0.02
Gorgona Island|87|45.3|0.6|10.6|10.9|0.18|21.9|9.25|1.04|0.02
Gorgona Island|87|46.58|0.37|10.57|10.261020979021|0.17|21.96|8.42|0.55|0.19
Gorgona Island|87|46.58|0.37|10.57|10.261020979021|0.17|21.96|8.42|0.55|0.19
Gorgona Island|87|44.65|0.61|10.11|11.3|0.19|22.08|8.91|0.81|0.02
Gorgona Island|87|47|0.37|10.7|10.4|0.17|22.2|8.5|0.56|0.19
Gorgona Island|87|46.72|0.35|10.59|10.1261258741259|0.17|22.43|8.65|0.56|0.071
Gorgona Island|87|46.72|0.35|10.59|10.1261258741259|0.17|22.43|8.65|0.56|0.07
Gorgona Island|87|45.93|0.34|10.3|10.05|0.18|22.74|8.5|0.63|0.17
Gorgona Island|87|46.2|0.17|10.4|9.8||23.5|8.5|0.58|0.3
Gorgona Island|87|45.36|0.33|9.98|10.08|0.18|23.54|8.68|0.66|0.05
Gorgona Island|87|46.52|0.31|10.38|9.71244755244755|0.163|23.63|8.55|0.51|0.077
Gorgona Island|87|45.84|0.58|9.75|10.7916083916084|0.18|23.91|8.12|0.53|0.035
Gorgona Island|87|45.27|0.3|9.76|10|0.18|24.44|8.21|0.66|0.07
Gorgona Island|87|44.38|0.53|8.89|10.5398041958042|0.168|25.36|7.42|0.51|0.032
Gorgona Island|87|44.46|0.27|8.71|9.84|0.17|27.29|7.73|0.37|0.02
Gorgona Island|87|44.58|0.32|8.5|9.84|0.18|27.87|7.24|0.33|0.03
Gorgona Island|88|47.55|0.719|10.65|9.7753986013986|0.171|19.99|8.94|0.6|0.144
Curacao|88|46.96|0.649|10.21|9.87432167832168|0.166|20.68|8.53|1.64|0.081
Curacao|88|46.43|0.593|9.82|9.92827972027972|0.163|22.06|8.16|1.59|0.055
Curacao|88|46.42|0.572|9.53|9.94626573426573|0.167|22.86|8.2|0.9|0.024
Curacao|88|46.42|0.597|9.37|9.7753986013986|0.166|23.05|7.7|1.41|0.072
Curacao|88|45.36|0.507|7.95|10.0631748251748|0.164|26.86|6.96|0.75|0.029
Na Muoi, Vietnam|257|46.84|0.47|11.8|8.18363636363636|0.17|17.05|10.78|0.01|0.03
Na Muoi, Vietnam|257|46.62|0.77|14.32|12.5002797202797|0.24|19.54|3.59|0.93|0.03
Na Muoi, Vietnam|257|43.55|0.57|10.38|10.7556363636364|0.17|20.48|8.96|0.78|0.06
Na Muoi, Vietnam|257|44.64|0.57|10.39|10.1081398601399|0.17|20.65|9.27|0.34|0.06
Na Muoi, Vietnam|257|44.46|2.09|7.62|11.772|0.2|21.15|10.15|0.65|0.33
Na Muoi, Vietnam|257|44.9|0.51|9.57|10.8725454545455|0.18|21.64|8.54|0.57|0.04
Na Muoi, Vietnam|257|44.98|0.59|10.25|10.243034965035|0.17|21.66|8.61|0.3|0.05
Na Muoi, Vietnam|257|43.5|0.33|10.16|9.6405034965035|0.16|23.2|9.06|0.58|0.04
Na Muoi, Vietnam|257|45.68|0.74|8.35|10.5128251748252|0.19|23.26|8.49|1.09|0.42
Na Muoi, Vietnam|257|44.59|0.52|9.06|10.305986013986|0.2|25.81|7.97|0.31|0.04
Na Muoi, Vietnam|257|45.35|0.58|6.77|10.0182097902098|0.25|27.82|7.05|0.69|0.28
central South China Block|823|47.6|0.47474126|10.6|10.5218181818182|0.18244656|17.5|8.19|0.3|0.63
Hotinvaara, Pulju gst, Finland|1890|48.3|0.61|5.49|9.89230769230769|0.2|21.5|8.96|0.21|0.01
Hotinvaara, Pulju gst, Finland|1890|47.6|0.72|6.01|10.7016783216783|0.2|21.9|9.41|0.28|0.07
Sibao Gp, Yangtze craton|1900|49.2|0.51|10.4|12.2304895104895|0.19|17.3|7.03|0.76|0.69
Sibao Gp, Yangtze craton|1900|49.1|0.52|10.3|12.4103496503497|0.19|17.5|6.99|0.66|0.59
Sibao Gp, Yangtze craton|1900|49.4|0.52|10.2|12.2304895104895|0.19|17.7|6.96|0.58|0.55
Sibao Gp, Yangtze craton|1900|49.4|0.52|10.3|11.8707692307692|0.19|17.9|6.96|0.65|0.57
Cape Smith|1920|51.89|0.68|9.54|10.66|0.15|17.01|9.56|0|0.15
Cape Smith|1920|46.2|0.58|9.31|11.7808391608392|0.21|17.3|10.3|0.54|0.06
Cape Smith|1920|50.43|0.68|10.55|9.83|0.16|17.53|9.02|1.24|0.53
Cape Smith|1920|46.07|0.78|10.94|13.57|0.26|17.67|10.22|0|0.41
Cape Smith|1920|48.05|0.6|9.68|12.24|0.22|17.99|10.71|0.56|0.06
Cape Smith|1920|46.2|0.72|9.7|12.3|0.15|18|11.4|0.98|0.08
Cape Smith|1920|47.93|0.55|8.71|10.8|0.2|19.63|10.65|0.74|0.75
Cape Smith|1920|45.16|0.66|11.02|12.49|0.18|20.46|9.6|0.1|0.02
Cape Smith|1920|48.34|0.34|7.65|12.07|0.21|22.08|9|0.26|0.03
Cape Smith|1920|46.3|0.51|8.17|11.08|0.2|22.48|11.06|0.12|0.04
Cape Smith|1920|44.7|0.45|6.7|12.9|0.15|27.6|6.7|0.08|0.11
Cape Smith|1920|45.9|0.45|7.1|11.1|0.15|28.1|6.3|0.56|0.07
Bogoin|2000|50.64|0.42|7.57|9.23|0.22|18.04|9.85|0.88|0.06
Bogoin|2000|54.53|0.37|12.36|9.70345454545455|0.23|18.28|4.54|0.11|0.11
Bogoin|2000|51.7|0.42|4.75|10.5038321678322|0.24|20.06|10.54|0.32|0.08
Bogoin|2000|49.38|0.44|8.47|8.80415384615385|0.19|22|8.04|0.52|0.08
Kautokeino gst Finland|2050|48.4|1.28|7.7|14.2676923076923|0.28|19.4|8.3|0.8|1.15
Kautokeino gst Finland|2050|48.8|0.5|4.6|12.4353846153846|0.15|19.5|10.8|0.5|0.15
Kautokeino gst Finland|2050|49.2|0.58|5.65|8.99300699300699|0.2|20.3|10.3|0.37|0.03
Kautokeino gst Finland|2050|47.8|0.67|8.7|11.1475524475525|0.15|20.3|8.1|0.5|0.1
Kautokeino gst Finland|2050|47.8|0.62|9.7|11.9274125874126|0.19|20.3|10|0.3|0.22
Kautokeino gst Finland|2050|50.4|0.78|5|11.7381818181818|0.21|20.7|9.8|0.1|0.01
Kautokeino gst Finland|2050|49.6|0.67|5|11.666993006993|0.23|20.7|9.6|0.1|0.03
Kautokeino gst Finland|2050|46.8|1|6.4|13.407972027972|0.17|21.3|8.6|0.5|0.06
Kautokeino gst Finland|2050|44|0.82|10|12.8475524475525|0.16|21.6|8.6|0.4|0.12
Kautokeino gst Finland|2050|46.4|1.05|7.2|12.9763636363636|0.2|21.8|8.9|0.1|0.01
Kautokeino gst Finland|2050|46|1.6|7|15.3044755244755|0.19|21.8|8.3|0.3|0.28
Kautokeino gst Finland|2050|44.6|0.92|6.5|12.8274125874126|0.28|22.2|10.1|0.2|0.01
Kautokeino gst Finland|2050|45.9|0.52|8.6|11.6086713286713|0.18|22.3|8.8|0.16|0.11
Kautokeino gst Finland|2050|48.2|0.86|6.9|12.3051748251748|0.23|22.7|9|0.2|0.14
Kautokeino gst Finland|2050|45.1|0.57|9|11.6878321678322|0.16|22.9|8.1|0.8|0.05
Kautokeino gst Finland|2050|45.7|0.63|9.5|11.4576223776224|0.19|23|9.4|0.3|0.15
Kautokeino gst Finland|2050|48.1|1.1|7.6|12.4274125874126|0.26|23|9.3|0.2|0.11
Kautokeino gst Finland|2050|47.9|1.65|5.3|11.8482517482518|0.11|23.5|7.3|0.1|0.02
Kautokeino gst Finland|2050|47.3|0.63|8.8|10.6576223776224|0.18|23.6|9|0.5|0.3
Kautokeino gst Finland|2050|46|0.7|9.2|11.9166433566434|0.19|23.8|8.8|0.8|0.2
Kautokeino gst Finland|2050|46.9|0.59|7.6|12.9576223776224|0.2|23.9|7.5|1.1|0.15
Kautokeino gst Finland|2050|45.3|0.48|7.6|11.8979020979021|0.15|28.5|4.9|0.2|0.02
Kautokeino gst Finland|2050|45.3|0.64|9|10.9878321678322|0.21|29|5.9|0.1|0.16
Kautokeino gst Finland|2050|46|0.76|3.2|12.8475524475525|0.17|29.4|5.1|0.1|0.02
Kautokeino gst Finland|2050|49.7|0.3|5.7|11.6777622377622|0.19|30|3.7|0.2|0.16
Northern Sweden|2055|43.5|1.49|7.55|12.4103496503497|0.25|21.1|8.99|0.69|0.11
Ontarior|2056|46.11|1.3|9.18|12.32|0.21|17.35|10.49|1.41|0.1
Karasjok komatiites, Lapland|2056|46.73|0.78|9.52|11.979|0.17|17.49|10.73|1.11|0.13
Karasjok komatiites, Lapland|2056|46.27|1.3|9.05|12.239|0.16|17.61|10.42|1.35|0.1
Karasjok komatiites, Lapland|2056|44.99|1.41|8.08|11.9067412587413|0.21|18.78|9|0.72|0.08
Karasjok komatiites, Lapland|2056|48.25|0.73|7.2|10.558|0.16|19.22|10.15|0.4|2.11
Karasjok komatiites, Lapland|2056|48.5|0.45|7|8.4893986013986|0.2|20.4|9.85|0.74|0.05
Karasjok komatiites, Lapland|2056|48.98|0.92|6.4|10.882|0.18|20.53|10.36|0.42|0.05
Karasjok komatiites, Lapland|2056|49.8|0.23|6.34|9.89230769230769|0.2|20.7|8.63|0.43|0.06
Karasjok komatiites, Lapland|2056|47.2|0.62|5.8|10.8063356643357|0.21|21.17|8.81|0.3|0.09
Karasjok komatiites, Lapland|2056|46.89|1.26|7.75|12.15|0.17|21.4|8.25|0.59|0.05
Karasjok komatiites, Lapland|2056|45.92|1.2|8.66|12.662|0.17|21.52|7.78|0.54|0.04
Karasjok komatiites, Lapland|2056|46.99|0.79|7.01|11.997|0.2|22.64|8.82|0.17|0.01
Karasjok komatiites, Lapland|2056|44.59|0.94|6.7|13.148|0.22|23.86|8.5|0.48|0.06
Karasjok komatiites, Lapland|2056|46.49|0.68|5.89|9.99446153846154|0.18|24.2|8.33|0.21|0.08
Karasjok komatiites, Lapland|2056|44.72|0.64|5.56|11.2835804195804|0.17|24.22|7.99|0.43|0.11
Karasjok komatiites, Lapland|2056|44.45|0.7|6.28|11.412993006993|0.2|24.23|7.6|0.08|0.08
Karasjok komatiites, Lapland|2056|46.67|0.63|5.7|11.799|0.2|24.82|8.46|0.31|0.06
Karasjok komatiites, Lapland|2056|44.29|0.59|5.96|11.5763636363636|0.15|24.82|7.78|0.2|0.09
Karasjok komatiites, Lapland|2056|43.18|0.72|6.56|11.3723356643357|0.17|24.87|8.29|0.08|0.08
Karasjok komatiites, Lapland|2056|43.25|0.78|7.07|12.662|0.24|26.14|8.18|0.2|0.04
Sattasvaara|2080|43.68|0.8818|7.73|12.024|0.2477|23.1|6.77|0.531|0.387
Sattasvaara|2080|46.95|0.5427|7.42|11.587|0.0955|24.24|3.55|0.688|0.014
Sattasvaara|2080|44.73|0.663|8.53|12.191|0.1896|25.42|5.44|0.214|0.01
Sattasvaara|2080|45.71|0.442|6.18|10.738|0.1188|25.68|7.55|0|0.015
Sattasvaara|2080|44.45|0.4954|6.79|10.545|0.1498|26.01|7.55|0.021|0.016
Sattasvaara|2080|43.16|0.5338|7.27|11.188|0.1291|26.19|6.54|0.125|0.015
Sattasvaara|2080|43.68|0.5371|7.34|11.613|0.1369|26.21|6.83|0.019|0.015
Sattasvaara|2080|44.39|0.4053|7.16|10.134|0.134|26.28|6.93|0.069|0.016
Basal Aravalli|2200|47.1|0.8|8.9|12.15|0.20697936|18.1|8.5|0.68|0.05
Basal Aravalli|2200|50.6|1.08|5.6|12.5182657342657|0.22|19.6|9.55|0.25|0.04
Jharol Belt, Bagdunda|2200|52|0.22|6.5|8.41745454545455|0.35|20.6|10.49|0.6|0.1
Jharol Belt, Bagdunda|2200|50.2|0.14|5.2|9.92827972027972|0.23|20.7|10.82|0.36|0.04
Jharol Belt, Bagdunda|2200|46.87|0.26|9.91|7.7|0.15804288|20.8|8.6|0.87|0.07
Jharol Belt, Bagdunda|2200|51|0.52|6.5|9.42467132867133|0.2|22.1|9.24|0.26|0.11
Aldan Shield|2202|46.6|2.18|6.02|14.3|0.22|18.2|11.8|0.41|0.1
Aldan Shield|2202|46.4|1.77|6.59|13.7|0.18|20|10.4|0.55|0.11
Vetreny Belt|2430|48.2|0.49|9.03|10.7016783216783|0.171992223206427|20.4|7.62|1.89|0.26
Vetreny Belt|2430|47.4|0.56|8.88|12.0506293706294|0.182351182590634|20.7|8.05|0.63|0.18
Vetreny Belt|2430|45.08|0.49|11.9|11.547020979021|0.17|21.25|6.41|0.64|1.16
Vetreny Belt|2430|47.9|0.46|8.81|10.5218181818182|0.182182882170001|21.6|7.26|1.68|0.32
Vetreny Belt|2430|48.6|0.48|8.56|10.7916083916084|0.182220155078272|22.1|7.2|0.44|0.36
Vetreny Belt|2430|47.8|0.45|8.5|10.5218181818182|0.182201323260115|22.6|7|1.28|0.39
Vetreny Belt|2430|48.5|0.47|8.55|11|0.19|23|7.18|0.56|0.4
Vetreny Belt|2430|46.4|0.5|7.92|11.6909090909091|0.182258346603827|23.7|7.48|0.53|0.29
Vetreny Belt|2430|46.5|0.43|7.6|12.0506293706294|0.192481803845669|24.8|6.25|0.47|0.35
Vetreny Belt|2430|47.1|0.42|7.4|12.4|0.19|25.6|6.2|0.25|0.3
Vetreny Belt|2430|45.4|0.46|7.19|12.0506293706294|0.182443595939177|25.6|6.83|0.67|0.21
Vetreny Belt|2430|46|0.38|7.31|11.0613986013986|0.18216521833287|26.1|5.88|1.62|0.22
Vetreny Belt|2430|44.19|0.42|5.97|11.520041958042|0.19|29.23|6.17|0.76|0.24
Vetreny Belt|2430|45.2|0.3|3.77|10.8815384615385|0.18|34.4|3.72|0.03|0.16
Vetreny Belt|2430|43.8|0.34|4.23|10.8815384615385|0.18|34.8|4.22|0.02|0.29
Central Gawler Craton|2520|47.85|0.53|8.32|9.76495104895105|0.18|23.47|7.58|0.92|0.36
Central Gawler Craton|2520|44.76|0.62|8.16|10.6118601398601|0.18|24.61|9.46|0.63|0.07
Central Gawler Craton|2520|47.38|0.42|6.65|10.3243216783217|0.19|25.07|7.46|1.42|0.06
Central Gawler Craton|2520|45.74|0.46|7.56|10.8226573426573|0.18|25.13|7.91|1.06|0.08
Central Gawler Craton|2520|46.08|0.42|7.29|11.0363636363636|0.18|27.26|5.72|0.68|0.1
Central Gawler Craton|2520|46.91|0.41|6.52|9.47314685314685|0.17|28.34|6.26|0.96|0.04
Central Gawler Craton|2520|47.11|0.37|6.29|9.72598601398601|0.19|28.54|5.91|0.7|0.08
Central Gawler Craton|2520|46.59|0.4|6.46|9.97429370629371|0.18|28.74|5.87|0.86|0.04
Central Gawler Craton|2520|46.44|0.39|6.34|10.0501258741259|0.18|29.06|5.63|0.94|0.04
Central Gawler Craton|2520|46.45|0.39|6.1|10.5414125874126|0.18|29.07|5.52|0.83|0.03
Central Gawler Craton|2520|46.05|0.39|6.21|9.94717482517483|0.18|29.27|5.74|0.85|0.03
Central Gawler Craton|2520|45.59|0.36|6.1|10.796013986014|0.19|29.64|5.48|0.55|0.04
Central Gawler Craton|2520|46.05|0.36|5.64|10.0609230769231|0.18|30.55|5.5|0.7|0.02
Central Gawler Craton|2520|45.87|0.37|5.61|9.7079020979021|0.19|31.15|5.44|0.68|0.02
Central Gawler Craton|2520|45.96|0.34|5.75|9.57751048951049|0.17|31.35|5.05|0.59|0.06
Qingyuan Greenstone Belt|2549|44.86|0.43|11.92|12.470993006993|0.19|17.15|9.65|0.98|0.01
Qingyuan Greenstone Belt|2549|50.67|0.19|4.83|7.96626573426573|0.17|17.17|16.06|0.8|0.15
Qingyuan Greenstone Belt|2549|49.08|0.32|7.53|10.221034965035|0.25|18.44|9.42|0.55|0.37
Qingyuan Greenstone Belt|2549|48.88|0.14|3.59|10.6325314685315|0.16|20.27|12.77|0.7|0.07
Qingyuan Greenstone Belt|2549|46.67|0.25|6.5|10.8716223776224|0.17|23.35|7.88|0.65|0.11
Qingyuan Greenstone Belt|2549|47.27|0.3|6.42|8.52106293706294|0.18|25.28|9.95|0.09|0.01
Bastar Craton|2600|53.89|0.37|8.78|10.0361958041958|0.18|18.35|5.13|0.84|0.82
Bastar Craton|2600|43.9|0.23|6.42|9.76439160839161|0.14|25.12|4.56|0.54|0.2
Lake of Enemy|2660|51.3|1.63|5.2|14.63|0.35|17.44|8.82|0.39|0.08
Belingwe|2690|48.6|0.436|8.76|12.0506293706294|0.218|18.1|8.58|1.25|0.083
Belingwe|2690|48.4|0.417|8.26|11.7808391608392|0.209|19.5|8.48|1.12|0.073
Yilgarn|2690|48.1|0.41|8.08|11.600979020979|0.21|20.2|8.48|1.05|0.095
North Caribou Greenstone Belt|2690|48.3|0.419|8.27|11.7808391608392|0.22|20.3|7.86|0.97|0.084
Dharwar craton|2690|47.6|0.384|7.77|11.600979020979|0.208|21.6|7.85|1.05|0.052
Karasjok komatiites, Lapland|2690|46.9|0.366|7.29|11.4211188811189|0.215|24|7.22|0.54|0.14
Vetreny Belt|2690|46.3|0.33|6.56|11.1513286713287|0.196|26.1|6.57|0.87|0.041
Wawa Greenstone Belt|2690|46.5|0.318|6.33|11.0613986013986|0.195|26.6|6.39|0.75|0.021
Wawa Greenstone Belt|2690|46.3|0.31|6.23|11.1513286713287|0.165|26.7|6.44|0.7|0.01
Yilgarn|2690|46.3|0.319|6.31|11.1513286713287|0.196|26.7|6.37|0.84|0.021
Yilgarn|2690|46.2|0.308|6.19|10.9714685314685|0.195|27.5|6.11|0.66|0.021
Abitibi|2690|46|0.31|6.04|11.0613986013986|0.197|27.5|6.15|0.8|0.031
Belingwe|2690|46.2|0.31|6.11|10.9714685314685|0.196|27.7|6.01|0.6|0.021
Belingwe|2690|46.7|0.313|6.19|11.0613986013986|0.198|27.8|5.25|0.63|0.021
Belingwe|2690|45.7|0.311|6.15|10.8815384615385|0.197|27.8|6.26|0.8|0.021
Belingwe|2690|46.1|0.312|6.07|11.0613986013986|0.198|27.9|5.89|0.56|0.021
Belingwe|2690|45.8|0.299|5.96|10.8815384615385|0.196|28.3|6.01|0.78|0.021
Belingwe|2690|45.5|0.3|5.99|10.9714685314685|0.197|28.3|6.03|0.77|0.021
Belingwe|2690|45.8|0.303|5.83|10.8815384615385|0.198|28.8|5.83|0.51|0.01
Belingwe|2690|45.5|0.304|5.77|10.8815384615385|0.199|28.8|6.04|0.65|0.01
Belingwe|2690|45.4|0.29|5.78|10.7016783216783|0.196|29.1|5.83|0.78|0.01
Belingwe|2690|45.5|0.283|5.62|10.7916083916084|0.189|29.6|5.51|0.55|0.021
Belingwe|2690|45.5|0.283|5.62|10.7916083916084|0.189|29.6|5.51|0.55|0.021
Belingwe|2690|45.5|0.283|5.62|10.7916083916084|0.189|29.6|5.51|0.55|0.021
Belingwe|2690|45.5|0.283|5.62|10.7916083916084|0.189|29.6|5.51|0.55|0.021
Belingwe|2690|45.3|0.28|5.54|10.7016783216783|0.187|29.8|5.61|0.66|0.021
Belingwe|2690|45.5|0.278|5.43|10.5218181818182|0.195|29.9|5.49|0.77|0.021
Belingwe|2690|45.5|0.279|5.46|10.6117482517483|0.186|30.1|5.43|0.67|0.021
Belingwe|2690|45.4|0.27|5.41|10.6117482517483|0.187|30.2|5.45|0.63|0.021
Belingwe|2690|45.3|0.279|5.32|10.6117482517483|0.186|30.3|5.48|0.63|0.01
Belingwe|2690|45.3|0.268|5.35|10.6117482517483|0.186|30.4|5.43|0.62|0.021
Belingwe|2690|45.2|0.262|5.27|10.7016783216783|0.189|30.4|5.5|0.64|0.021
Belingwe|2690|45|0.259|5.18|10.7016783216783|0.186|31|5.21|0.61|0.01
Belingwe|2690|44.7|0.261|5.05|10.7016783216783|0.188|31.3|5.35|0.58|0.021
Belingwe|2690|44.7|0.261|5.05|10.7016783216783|0.188|31.3|5.35|0.58|0.021
Belingwe|2692|49.65|0.43|9.01|11.7268811188811|0.21|17.59|8.79|1.19|0.05
Abitibi|2692|50.17|0.44|9.02|11.65|0.2|17.67|9.17|1.58|0.07
Abitibi|2692|50.43|0.45|9.19|12.04|0.2|18.07|8.57|0.98|0.05
Dharwar craton|2692|49.68|0.42|8.61|11.59|0.2|19.11|8.87|1.42|0.07
Nuvvuagittuq Greenstone belt|2692|51.97|0.42|7.85|9.13|0.18|19.87|8.39|1.03|0.05
Basal Aravalli|2692|49.68|0.4|8.24|11.63|0.19|20.2|8.27|1.27|0.08
Belingwe|2692|49.34|0.41|8.24|11.54|0.2|20.65|8.35|1.19|0.07
Belingwe|2692|49.23|0.4|8.14|11.37|0.19|20.81|8.43|1.34|0.07
Belingwe|2692|51.23|0.47|6.91|9.21|0.18|20.93|8.91|1.02|0.03
Belingwe|2692|51.37|0.4|6.92|9.04|0.18|21.01|8.96|1.02|0.02
Belingwe|2692|48.98|0.41|8.04|11.64|0.2|21.28|8.14|1.21|0.07
Belingwe|2692|48.75|0.41|8.07|11.66|0.19|21.91|7.82|1.09|0.06
Belingwe|2692|48.36|0.36|7.57|11.13|0.19|23.14|7.81|1.34|0.07
Belingwe|2692|49.2|0.36|6.76|11.392|0.22|23.29|7.61|0.33|0.3
Belingwe|2692|48.18|0.35|7.23|11.32|0.19|24.17|7.45|1|0.06
Belingwe|2692|48.22|0.33|6.83|11.52|0.2|25.08|6.88|0.88|0.04
Belingwe|2692|48.72|0.33|6.78|11.05|0.19|25.48|6.7|0.7|0.03
Belingwe|2692|48.92|0.4|7.01|10.344|0.18|25.83|6.8|0.18|0.04
Belingwe|2692|47.39|0.33|6.61|10.89|0.18|26.65|6.81|1|0.1
Belingwe|2692|47.51|0.31|6.36|10.87|0.18|26.96|6.78|0.98|0.04
Belingwe|2692|45.57|0.39|8.21|10.94|0.17|27.02|6.12|0.08|0.15
Belingwe|2692|48.16|0.32|6.43|10.606|0.18|27.07|6.11|0.26|0.58
Belingwe|2692|47.35|0.32|6.39|11.07|0.18|27.23|6.71|0.67|0.03
Belingwe|2692|47.27|0.32|6.38|10.88|0.18|27.34|6.76|0.78|0.04
Belingwe|2692|47.31|0.3|6.29|10.73|0.18|27.63|6.59|1.17|0.05
Belingwe|2692|45.52|0.33|5.83|11.28|0.2|27.85|5.78|0.21|0.15
Belingwe|2692|47.12|0.3|6.11|10.62|0.18|28.5|6.21|0.83|0.09
Belingwe|2692|46.86|0.3|6.02|10.84|0.18|28.69|6.12|0.89|0.06
Belingwe|2692|46.46|0.32|6.85|10.54|0.16|28.83|5.53|0|0.2
Belingwe|2692|46.64|0.29|6.04|10.516|0.16|29.34|5.99|0.21|0.37
Belingwe|2692|47.4|0.26|6.06|10.377|0.18|29.57|5.42|0.11|0.24
Belingwe|2692|45.33|0.22|4.88|9.08|0.15|32.65|4.39|0.04|0.18
Abitibi|2697|47.84|0.58|8.29|11.529|0.23|18.12|10.5|0.92|0.21
Abitibi|2697|48.22|0.52|9.86|11.313|0.22|18.43|6.29|1.08|0.19
Abitibi|2697|48.22|0.52|9.86|11.313|0.22|18.43|6.29|1.08|0.19
Abitibi|2697|46.8|0.51|7.57|12.078|0.24|19.89|8.31|0.98|0.05
Abitibi|2697|47.17|0.5|7.58|11.493|0.256|21.7|9.22|0.19|0.14
Abitibi|2697|45.42|0.45|9.9|11.565|0.17|21.72|8.21|0.38|0.05
Abitibi|2697|46.72|0.46|7.41|11.475|0.26|23.33|7.92|0.25|0.1
Abitibi|2697|46.72|0.46|7.41|11.475|0.2562|23.53|7.92|0.25|0.1
Abitibi|2697|48.04|0.26|5.14|8.228|0.21|26.36|9.15|0.02|0.1
Southern Cross Belt|2700|48.95|0.5|9.68|9.53258741258741|0.18|17|8.37|1.57|0.07
Southern Cross Belt|2700|54.66|0.21|6.1|11.8531188811189|0.36|17.06|6.04|0.6|0.11
Southern Cross Belt|2700|47.8|0.43|8.72|11.31|0.2|17.07|8.94|1.22|0.078
Southern Cross Belt|2700|49|0.49|8.54|9.98223776223776|0.18|17.1|10.2|0.92|0.2
Southern Cross Belt|2700|49|0.55|9.4|9.53634965034965|0.17|17.2|9|0.22|0.55
Yilgarn|2700|50.26|0.35|10.33|10.73|0.15|17.21|8.64|0.76|0.33
Kautokeino gst Finland|2700|48|0.408|9.37|12.3|0.21|17.3|8.69|1.13|2.15
Vetreny Belt|2700|47.7|0.43|5.3|14.58|0.33|17.4|10|0.4|0.1
Belingwe|2700|49.25|1.11|5.99|13.4|0.23|17.5|10.28|0.66|0.09
Belingwe|2700|49.25|1.11|5.99|13.41|0.23|17.5|10.28|0.66|0.09
Yilgarn|2700|49.25|1.11|5.99|13.41|0.23|17.5|10.28|0.66|0.09
Abitibi|2700|46.89|0.56|11.46|11.5211048951049|0.19|17.52|9.1|2.46|0.01
Abitibi|2700|50.93|0.4|9.88|10.0721678321678|0.17|17.53|7.49|2.09|0.16
Abitibi|2700|47.59|0.42|8.53|11.08|0.18|17.57|8.7|1.07|0.06
Abitibi|2700|47.61|0.84|10.47|13.88|0.24|17.57|8.19|0.99|0.06
Abitibi|2700|45.99|0.61|10.42|12.79|0.26|17.7|10.9|1.35|0.04
Abitibi|2700|49.5|0.63|10.77|12.51|0.2|17.8|7.54|0.84|0.02
Abitibi|2700|47.6|0.444|9.56|13.1|0.28|17.8|7.48|0.36|3.1
Abitibi|2700|49.17|0.44|7.58|9.53258741258741|0.18|17.9|9.49|1.25|0.09
Abitibi|2700|47.45|0.56|9.34|10.252027972028|0.19|17.9|8.86|1.16|0.18
Abitibi|2700|43.83|0.53|10.51|11.4311431143114|0.18|17.91|9.44|1.51|0.1
Abitibi|2700|48.95|0.95|8.18|11.759958041958|0.27|17.96|9.15|1.09|0.15
Abitibi|2700|47.96|0.52|9.16|12.446|0.24|18.05|9.89|0.6|0.05
Abitibi|2700|51.69|0.72|7.93|10.2123496503497|0.19|18.06|6.23|1|0.15
Abitibi|2700|50.93|0.37|9.6|10.4408811188811|0.19|18.07|6.9|2.01|0.15
Abitibi|2700|45.7|0.49|9.91|11.2518321678322|0.21|18.1|8.01|1.46|0.07
Abitibi|2700|51.05|0.15|7.02|11.6665874125874|0.25|18.15|9.75|1.15|0.15
Abitibi|2700|54.35|0.55|7.55|10.2167272727273|0.23|18.16|5.2|0.77|0.08
Abitibi|2700|46.5|0.523|11.9|11.85|0.16|18.2|5.09|2.04|3.23
Abitibi|2700|46.5|0.523|11.9|11.85|0.16|18.2|5.09|2.04|3.23
Abitibi|2700|50.13|0.91|13.16|8.82213986013986|0.12|18.3|3.45|0.12|0.09
Abitibi|2700|49.4|0.78|7.6|11.799|0.21|18.45|8.27|1.55|0.05
Abitibi|2700|49.4|0.78|7.6|11.799|0.21|18.45|8.27|1.55|0.05
Abitibi|2700|45.83|0.48|9.73|11.2061206120612|0.18|18.75|8.61|1.21|0.08
Abitibi|2700|47.06|0.49|9.23|12.518|0.27|18.79|9.83|0.74|0.08
Abitibi|2700|48.66|0.5|9.21|11.088|0.22|18.95|8.83|1.24|0.04
Abitibi|2700|46.7|0.481|9.23|11.07|0.2|19|7.71|0.98|4.12
Abitibi|2700|45.51|0.49|9.33|10.9270927092709|0.19|19.01|9.19|0.89|0.05
Ontario|2700|45.59|0.48|9.86|11.1521152115212|0.17|19.35|8.08|1.08|0.13
Dharwar craton|2700|55.89|0.54|4.75|11.8442237762238|0.28|19.39|2.99|0.8|0.08
Dharwar craton|2700|48.49|0.27|9.21|11.24|0.16|19.81|9.05|0.49|0.5
Dharwar craton|2700|47.21|0.38|7.81|10.899|0.18|19.96|8.08|1.07|0.07
Dharwar craton|2700|47.21|0.23|10.44|8.76398601398601|0.31|20.16|8.42|0.95|0.07
Yilgarn|2700|51.31|0.22|5.4|11.75|0.3|20.25|11.12|0.29|0.04
Dharwar craton|2700|48.29|0.28|9.81|10.79|0.16|20.29|8.67|0.47|0.5
Belingwe|2700|45.9|0.497|10.3|12.5|0.2|20.3|7.37|0.47|1.79
Yilgarn|2700|48.5|0.51|5.17|11.5766573426573|0.18|20.39|7.74|0.52|0.7
Wawa Greenstone Belt|2700|47.07|0.43|8.75|12.1405594405594|0.19|20.4|8.75|0.78|0.09
Wawa Greenstone Belt|2700|46.6|0.431|10.2|12.5|0.2|20.4|8.79|0.37|0.04
Wawa Greenstone Belt|2700|46.59|0.431|10.16|12.5|0.2|20.4|8.79|0.37|0.04
Wawa Greenstone Belt|2700|48.76|0.417|8.44|12.085|0.19|20.45|8.58|0.39|0.5
Wawa Greenstone Belt|2700|48.76|0.24|9.32|10.36|0.15|20.54|8.98|0.48|0.5
Wawa Greenstone Belt|2700|47.2|0.173|16|9.98223776223776|0.197|20.7|4.68|0.23|0.006
Wawa Greenstone Belt|2700|43.4|0.51|10.5|12.6|0.19|20.7|10.9|0.72|0.1
Wawa Greenstone Belt|2700|47.62|0.28|9.84|10.86|0.16|20.78|8.73|0.49|0.5
Wawa Greenstone Belt|2700|47.76|0.26|9.54|10.45|0.15|20.88|9.26|0.54|0.5
Wawa Greenstone Belt|2700|45.22|0.25|5.55|8.68|0.21|20.9|19.39|0.23|0.03
Wawa Greenstone Belt|2700|47.71|0.45|8.44|10.918|0.19|20.9|9.63|0.3|0.05
Wawa Greenstone Belt|2700|47.67|0.29|9.77|10.74|0.15|21.01|8.68|0.44|0.5
Wawa Greenstone Belt|2700|47.74|0.27|9.59|10.82|0.16|21.11|8.61|0.47|0.5
Wawa Greenstone Belt|2700|54.46|0.36|4.47|11.4211188811189|0.19|21.3|3.48|0.17|0.03
Wawa Greenstone Belt|2700|51.06|0.51|9.14|10.5|0.17|21.31|6.57|0.62|0.09
Wawa Greenstone Belt|2700|49.3|0.23|7.2|8.37|0.16|21.4|8.9|0.33|0.17
Wawa Greenstone Belt|2700|49|0.26|4.66|8.76117482517483|0.12|21.4|11.1|0.3|0.01
Wawa Greenstone Belt|2700|48.33|0.51|7.17|11.18|0.156|21.4|7.77|0.34|0.06
Wawa Greenstone Belt|2700|48.23|0.39|7.64|11.862|0.26|21.49|8.7|0.2|0.07
Wawa Greenstone Belt|2700|46.87|0.29|9.95|10.9|0.16|21.52|8.6|0.47|0.5
Wawa Greenstone Belt|2700|48.41|0.4|8.12|10.878|0.19|21.6|9.71|0.53|0.01
Wawa Greenstone Belt|2700|49.69|0.4|8.66|11.95|0.21|21.6|7.11|0.33|0.01
Wawa Greenstone Belt|2700|48.95|0.397|7.77|12.1|0.17|21.71|8.74|0.04|0.02
Wawa Greenstone Belt|2700|48.61|0.22|8.78|10.88|0.17|21.72|8.38|0|0.5
Wawa Greenstone Belt|2700|47.46|0.24|9.06|11.09|0.18|21.75|8.59|0.37|0.5
Wawa Greenstone Belt|2700|48.7|0.13|8.6|7.83|0.19|21.9|8|0.7|0.05
Wawa Greenstone Belt|2700|53.5|0.3|3.78|11.511048951049|0.23|21.9|3.51|0.38|0.09
Wawa Greenstone Belt|2700|47.4|0.42|8.2|10.64|0.19|22|8.26|0.62|1.61
Wawa Greenstone Belt|2700|47.13|0.33|7.89|7.05951048951049|0.13|22.04|11.04|0.32|0.08
Wawa Greenstone Belt|2700|46.2|0.37|6.02|11.67|0.17|22.05|8.7|0.68|0.03
Wawa Greenstone Belt|2700|46.2|0.17|6.02|11.7133286713287|0.17|22.05|8.7|0.68|0.03
Wawa Greenstone Belt|2700|46.59|0.32|7.5|9.94|0.42|22.08|10.01|0.3|0.57
Wawa Greenstone Belt|2700|46.84|0.24|9.26|11.03|0.16|22.11|8.81|0.29|0.5
Wawa Greenstone Belt|2700|51.4|0.1|1.01|10.26|0.15|22.2|10.6|0.3|0.01
Wawa Greenstone Belt|2700|46.43|0.38|9.32|7.38325874125874|0.12|22.4|9.15|0.21|0.06
Wawa Greenstone Belt|2700|51.83|0.368|6.65|10.71|0.17|22.47|7.24|0.26|0.19
Wawa Greenstone Belt|2700|46.88|0.24|9.36|11.13|0.17|22.49|8.2|0.26|0.5
Wawa Greenstone Belt|2700|48.3|0.374|7.95|11|0.17|22.7|8.61|0.12|0.02
Wawa Greenstone Belt|2700|52.64|0.29|7|9.94|0.13|22.73|5.27|1.96|0.01
Wawa Greenstone Belt|2700|48.3|0.374|7.95|11.01|0.17|22.74|8.61|0.12|0.02
Wawa Greenstone Belt|2700|48.05|0.38|8.55|10.92|0.18|22.79|8.66|0.42|0.03
Wawa Greenstone Belt|2700|48.81|0.36|7.23|10.56|0.18|22.86|6.8|2.13|0.03
Wawa Greenstone Belt|2700|46.65|0.41|7.22|9.44265734265734|0.15|22.9|7.52|0.69|0.04
Wawa Greenstone Belt|2700|48.3|0.326|6.45|11.7|0.02|22.9|9.14|0.37|0.02
Wawa Greenstone Belt|2700|48.69|0.4|8.01|9.98223776223776|0.2|22.93|8.68|0.12|0.02
Wawa Greenstone Belt|2700|49|0.365|7.49|10.6|0.19|23|8.65|0.23|0.01
Wawa Greenstone Belt|2700|45.6|0.404|8.61|11.8|0.18|23.1|6.23|0.42|2.9
Wawa Greenstone Belt|2700|45.89|0.3|8.62|6.90662937062937|0.14|23.11|10.25|0.23|0.05
Wawa Greenstone Belt|2700|45.07|0.4|9.95|7.27534265734266|0.13|23.12|9.58|0.25|0.09
Wawa Greenstone Belt|2700|47.51|0.36|7.51|11.7501678321678|0.17|23.2|7.64|1.21|0.06
Wawa Greenstone Belt|2700|49.03|0.33|7.27|9.33|0.14|23.63|7.56|2.51|0.16
Wawa Greenstone Belt|2700|49.73|0.33|6.7|10.1762097902098|0.23|23.63|8.6|0.13|0.05
Wawa Greenstone Belt|2700|47.34|0.25|9.27|10.19|0.15|23.67|7.73|0.23|0.5
Wawa Greenstone Belt|2700|46.45|0.35|7.13|11.23|0.182|23.76|7.04|0.45|0.04
Wawa Greenstone Belt|2700|48.61|0.46|7.58|11.94|0.2|23.8|7.35|0.3|0.01
Wawa Greenstone Belt|2700|45.67|0.35|6.87|11.12|0.178|23.8|7.57|0.33|0.04
Wawa Greenstone Belt|2700|50.42|0.35|6.56|10.0721678321678|0.2|23.9|7.1|0.25|0.07
Wawa Greenstone Belt|2700|44.96|0.31|7.44|7.08648951048951|0.13|23.92|11.81|0.37|0.09
Wawa Greenstone Belt|2700|48.25|0.34|8.58|9.497|0.17|23.94|7.08|0.6|0.05
Wawa Greenstone Belt|2700|44.27|0.38|8.83|7.13145454545455|0.12|23.97|10.4|0.32|0.07
Wawa Greenstone Belt|2700|44.92|0.4|8.7|11.28|0.2|23.99|7.18|0.16|0.37
Wawa Greenstone Belt|2700|46.88|0.53|5.75|13.0398601398601|0.23|24|7.55|0.25|0.02
Wawa Greenstone Belt|2700|46|0.34|6.88|10.7|0.18|24.02|6.94|0.8|0.058
Wawa Greenstone Belt|2700|45.23|0.28|9.77|10.68|0.16|24.1|8.09|0.47|0.5
Wawa Greenstone Belt|2700|50.07|0.363|6.56|11.521|0.21|24.15|6.53|0.2|0.22
Wawa Greenstone Belt|2700|48.45|0.33|7.81|10.43|0.18|24.18|8.17|0.39|0.03
Wawa Greenstone Belt|2700|49.3|0.389|7.84|9.86|0.24|24.2|7.19|0.16|0.02
Wawa Greenstone Belt|2700|52.74|0.35|4.56|10.5218181818182|0.17|24.2|1.65|0.22|1.24
Wawa Greenstone Belt|2700|48.1|0.332|6.99|10.6|0.19|24.3|8.55|0.26|0.03
Wawa Greenstone Belt|2700|48.07|0.332|6.99|10.56|0.19|24.32|8.55|0.26|0.03
Wawa Greenstone Belt|2700|47.96|0.364|7.44|11.392|0.2|24.35|7.46|0.64|0.06
Wawa Greenstone Belt|2700|48.72|0.3|9.13|11.3481538461539|0.05|24.36|6.64|0.17|0.05
Wawa Greenstone Belt|2700|52.31|0.17|3.32|9.65|0.3|24.43|8.04|0.18|0.02
Wawa Greenstone Belt|2700|48.17|0.35|7.17|10.1261258741259|0.18|24.46|7.39|0.94|0.05
Wawa Greenstone Belt|2700|48.39|0.33|7.04|9.55956643356643|0.19|24.48|8.61|0.26|0.03
Wawa Greenstone Belt|2700|49.15|0.384|7.45|11.353|0.18|24.51|6.52|0.23|0.05
Wawa Greenstone Belt|2700|49.74|0.37|8.46|11.07|0.09|24.74|2.06|2.59|0.9
Wawa Greenstone Belt|2700|45.8|0.31|6.43|10.439|0.17|24.87|6.72|0.99|0.05
Wawa Greenstone Belt|2700|47.27|0.35|7.95|10.7016783216783|0.2|24.9|7.18|0.22|0.01
Wawa Greenstone Belt|2700|45.06|0.32|6.37|10.38|0.18|25.29|6.57|1.04|0.1
Wawa Greenstone Belt|2700|48.49|0.338|6.77|11.412|0.18|25.3|6.61|0.19|0.55
Wawa Greenstone Belt|2700|49.07|0.26|5.64|9.12|0.19|25.31|8.57|0.16|0.08
Wawa Greenstone Belt|2700|46.57|0.33|6.79|11.1762097902098|0.18|25.32|6.79|2.13|0.11
Wawa Greenstone Belt|2700|47.59|0.343|7.04|11.551|0.19|25.39|7.05|0.63|0.04
Wawa Greenstone Belt|2700|45.51|0.32|6.48|10.48|0.18|25.42|6.6|0.83|0.1
Wawa Greenstone Belt|2700|48.36|0.38|7.34|10.0602377622378|0.21|25.52|7.6|0.08|0.02
Wawa Greenstone Belt|2700|48.4|0.387|7.6|9.77|0.19|25.6|7.28|0.22|0.02
Wawa Greenstone Belt|2700|51.5|0.24|3.8|12.06|0.25|25.7|3.7|0.07|0.02
Wawa Greenstone Belt|2700|46.73|0.32|6.63|11.4531888111888|0.16|25.72|6.79|1.46|0.12
Wawa Greenstone Belt|2700|48.15|0.37|6.93|10.93|0.17|25.8|7.02|0.53|0.07
Wawa Greenstone Belt|2700|47.87|0.33|7.02|11.2262097902098|0.16|25.81|5.5|1.37|0.13
Wawa Greenstone Belt|2700|43.04|0.3|9.65|6.97857342657343|0.11|25.88|9.8|0.26|0.06
Wawa Greenstone Belt|2700|47.47|0.34|6.8|11.541|0.19|26.09|7.14|0.04|0.23
Wawa Greenstone Belt|2700|45.04|0.14|3.61|10.99|0.17|26.1|12.72|0.19|0.02
Wawa Greenstone Belt|2700|45.26|0.29|6.07|10.211|0.17|26.21|6.41|0.78|0.04
Wawa Greenstone Belt|2700|47.6|0.34|6.71|10.23|0.16|26.86|8|0.02|0.03
Wawa Greenstone Belt|2700|47.39|0.327|6.73|11.115|0.19|26.91|6.31|0.2|0.68
Wawa Greenstone Belt|2700|49.18|0.32|7.19|9.87|0.17|26.92|6.31||0.01
Wawa Greenstone Belt|2700|44.6|0.29|5.9|10.19|0.18|26.99|6.11|1.01|0.078
Wawa Greenstone Belt|2700|45.35|0.3|6.08|10.38|0.18|27.02|6.2|0.76|0.042
Wawa Greenstone Belt|2700|46|0.328|7.22|10.9|0.18|27.1|7.53|0.06|0.01
Wawa Greenstone Belt|2700|46.03|0.328|7.22|10.92|0.18|27.1|7.53|0.06|0.01
Wawa Greenstone Belt|2700|50.28|0.21|5.14|8.12|0.22|27.14|9.95|0|0.01
Wawa Greenstone Belt|2700|48.76|0.26|8.89|10.0164475524476|0.13|27.15|5.14|0.26|0.05
Wawa Greenstone Belt|2700|47.34|0.08|8.63|10.0128391608392|0.08|27.18|5.95|0.91|0.02
Wawa Greenstone Belt|2700|49.84|0.34|7.78|9.38|0.11|27.2|5.23|0.08|
Wawa Greenstone Belt|2700|47.9|0.1|8.5|10.2267972027972|0.08|27.3|5.32|0.54|0.01
Wawa Greenstone Belt|2700|47.68|0.317|6.37|10.937|0.17|27.32|6.19|0.14|0.46
Wawa Greenstone Belt|2700|45.51|0.29|5.97|10.185|0.17|27.35|6.15|0.8|0.03
Wawa Greenstone Belt|2700|45|0.27|7.2|8.14825174825175|0.2|27.4|8.1|0.1|0.03
Wawa Greenstone Belt|2700|47.23|0.325|6.56|11.135|0.18|27.42|5.92|0.18|0.66
Wawa Greenstone Belt|2700|44.05|0.31|5.71|10.65|0.18|27.43|6.27|0.55|0.02
Wawa Greenstone Belt|2700|47.2|0.11|8.27|10.2438461538462|0.09|27.48|5.62|0.49|0.01
Wawa Greenstone Belt|2700|47.57|0.338|6.37|11.145|0.19|27.7|5.75|0.18|0.62
Wawa Greenstone Belt|2700|47.4|0.15|8.15|9.93686713286713|0.08|27.74|5.85|0.86|0.01
Wawa Greenstone Belt|2700|46.32|0.15|6.26|7.56932867132867|0.17|27.75|6.33|1.45|0
Wawa Greenstone Belt|2700|47.77|0.298|6.5|10.69|0.17|27.85|5.86|0.02|0.69
Wawa Greenstone Belt|2700|46.74|0.31|6.3|11.185|0.18|27.93|6.32|0.75|0.14
Wawa Greenstone Belt|2700|46.61|0.29|6.25|10.738|0.23|28.06|5.79|0.22|0.45
Wawa Greenstone Belt|2700|47.59|0.292|6.34|10.789|0.17|28.18|5.91|0.16|0.44
Wawa Greenstone Belt|2700|47.39|0.313|6.35|10.967|0.17|28.19|5.76|0.15|0.56
Wawa Greenstone Belt|2700|45.95|0.29|6.2|10.531|0.22|28.34|6.14|0.78|0.19
Wawa Greenstone Belt|2700|47.32|0.304|6.14|11.135|0.18|28.34|5.82|0.26|0.34
Wawa Greenstone Belt|2700|46.16|0.34|5.11|10.341958041958|0.15|28.4|4.57|0.05|0.01
Wawa Greenstone Belt|2700|47.12|0.3|6.11|10.62|0.18|28.5|6.21|0.83|0.09
Wawa Greenstone Belt|2700|45.23|0.29|6.17|11.475|0.21|28.59|5.89|0.6|0.04
Wawa Greenstone Belt|2700|47.66|0.18|8.05|8.15412587412587|0.06|28.66|5.51|0.26|0.03
Wawa Greenstone Belt|2700|46.74|0.28|6.09|10.611|0.18|28.66|6.31|0.71|0.13
Wawa Greenstone Belt|2700|43.63|0.29|5.91|10.23|0.16|28.66|5.71|0.38|0.13
Wawa Greenstone Belt|2700|47.89|0.22|7.48|10.48|0.33|28.67|5.62|0.29|1.72
Wawa Greenstone Belt|2700|46.09|0.27|6.05|10.45|0.23|28.72|6.17|0.71|0.2
Wawa Greenstone Belt|2700|47.41|0.304|6.13|10.898|0.18|28.76|5.67|0.19|0.3
Wawa Greenstone Belt|2700|47.22|0.301|6.11|11.007|0.17|28.85|5.61|0.19|0.4
Wawa Greenstone Belt|2700|47.31|0.16|7.96|9.8468951048951|0.11|28.92|4.15|0.33|0.06
Wawa Greenstone Belt|2700|47.09|0.2|7.83|9.99155244755245|0.11|28.96|4.76|0.2|0.03
Wawa Greenstone Belt|2700|45.58|0.32|6.34|10.72|0.23|29.11|6.1|0.58|0.03
Wawa Greenstone Belt|2700|47.35|0.14|7.69|9.28251748251748|0.12|29.16|4.15|0.39|0.06
Wawa Greenstone Belt|2700|44.3|0.35|6.48|12.72|0.23|29.17|6.59|0.05|0.03
Wawa Greenstone Belt|2700|45.43|0.39|7.25|11.19|0.17|29.21|6.28|0.02|0.03
Wawa Greenstone Belt|2700|46.97|0.297|6.07|10.908|0.17|29.36|5.64|0.15|0.24
Wawa Greenstone Belt|2700|44.3|0.33|5.74|8.94804195804196|0.18|29.4|5.83|0.26|0.02
Wawa Greenstone Belt|2700|46.81|0.295|5.95|10.868|0.17|29.45|5.5|0.15|0.42
Wawa Greenstone Belt|2700|46.66|0.28|6|10.828|0.24|29.45|5.22|0.22|0.25
Wawa Greenstone Belt|2700|44.71|0.3|6.26|10.16|0.11|29.5|6.4|0.41|0.08
Wawa Greenstone Belt|2700|48.09|0.39|7.05|8.98|0.13|29.54|5.89|0.08|0.02
Wawa Greenstone Belt|2700|43.68|0.28|5.68|10.26|0.15|29.87|5.69|0.57|0.07
Wawa Greenstone Belt|2700|43.57|0.28|5.69|10.28|0.15|29.99|5.71|0.6|0.08
Wawa Greenstone Belt|2700|45.39|0.34|6.6|9.919|0.15|30.03|5.59|0.4|0.2
Wawa Greenstone Belt|2700|44.11|0.25|5.06|10.25|0.18|30.16|5.15|0.52|0.047
Wawa Greenstone Belt|2700|51.62|0.17|7.11|7.51675524475524|0.04|30.17|2.31|0.44|0.1
Wawa Greenstone Belt|2700|46.99|0.275|5.58|10.621|0.16|30.23|5.27|0.12|0.37
Wawa Greenstone Belt|2700|46.4|0.04|2.33|10.68|0.2|30.46|8.75|0.1|0.01
Wawa Greenstone Belt|2700|45.85|0.24|5.24|10.414|0.21|30.74|5.85|0.4|0.01
Wawa Greenstone Belt|2700|45.11|0.306|6.43|10.44|0.14|30.79|5.92|0.11|0.01
Wawa Greenstone Belt|2700|45.1|0.306|6.43|10.4|0.14|30.8|5.92|0.11|0.01
Wawa Greenstone Belt|2700|50.45|0.35|6.13|11.82|0.07|30.89|0.22||0.02
Wawa Greenstone Belt|2700|53.52|0.24|5.12|9.6|0.1|31.08|1.42|0.05|0.04
Wawa Greenstone Belt|2700|46.83|0.26|5.49|10.443|0.17|31.13|5.29|0.2|0.05
Wawa Greenstone Belt|2700|45.42|0.27|5.63|9.955|0.2|31.46|5.65|0.31|0.01
Wawa Greenstone Belt|2700|45.64|0.315|6.27|9.16|0.14|31.48|6.37|0.03|0.01
Wawa Greenstone Belt|2700|45.6|0.315|6.27|9.16|0.14|31.5|6.37|0.03|0.01
Wawa Greenstone Belt|2700|47.7|0.14|6.08|8.46546853146853|0.19|31.62|4.06|0.64|0.41
Wawa Greenstone Belt|2700|44.22|0.24|4.65|8.52537062937063|0.17|31.7|5.59|0.39|0.02
Wawa Greenstone Belt|2700|46.5|0.17|5.75|9.59379020979021|0.06|31.8|4.5|0.61|0.06
Wawa Greenstone Belt|2700|46.9|0.221|5.08|10.621|0.14|31.81|5.05|0.02|0.03
Wawa Greenstone Belt|2700|43.87|0.34|6.58|11.64|0.19|31.81|5.37|0.03|0.04
Wawa Greenstone Belt|2700|45.6|0.2|5.19|6.43155244755245|0.19|31.83|9.42|0.62|0.25
Wawa Greenstone Belt|2700|44.95|0.28|5.84|9.641|0.18|31.94|5.68|0.52|0.06
Wawa Greenstone Belt|2700|44.95|0.3|5.84|9.65|0.18|31.94|5.68|0.52|0.06
Wawa Greenstone Belt|2700|47.41|0.21|4.26|8.32|0.12|32.57|8.25|0.03|0.02
Wawa Greenstone Belt|2700|47.04|0.29|5.47|9.95|0.17|32.71|4.46|0.02|0.06
Wawa Greenstone Belt|2700|46.52|0.23|4.88|10.404|0.12|32.84|4.81|0.04|0.02
Wawa Greenstone Belt|2700|46.41|0.2|4.73|10.393|0.16|33.2|4.67|0.04|0.09
Wawa Greenstone Belt|2700|44.05|0.2|4.98|10.6604475524476|0.15|33.28|6.47|0.01|0.01
Wawa Greenstone Belt|2700|52.74|0.06|1.01|11.39|0.17|33.3|8.72|0.18|0.01
Wawa Greenstone Belt|2700|48.92|0.16|3.6|9.22|0.12|33.41|4.26|0.06|0.01
Wawa Greenstone Belt|2700|44.06|0.26|5.24|9.08|0.18|33.46|7.62|0.01|0.08
Wawa Greenstone Belt|2700|43.2|0.31|5.93|10.06|0.16|33.58|6.75|0.01|0.01
Wawa Greenstone Belt|2700|43.57|0.27|5.3|9.92|0.13|33.79|7.12|0.01|0.01
Wawa Greenstone Belt|2700|49.5|0.27|0.97|9.76956643356644|0.04|33.83|3.02|0.82|0.06
Wawa Greenstone Belt|2700|45.81|0.16|4.78|6.81237762237762|0.14|34.39|4.08|0.3|0.04
Wawa Greenstone Belt|2700|47.15|0.3|4.82|8.94804195804196|0.09|34.4|0.98|0.06|0.01
Wawa Greenstone Belt|2700|43.93|0.25|6.19|7.42|0.31|34.41|4.96|0.14|0.01
Wawa Greenstone Belt|2700|49.29|0.16|4.09|11.0734685314685|0.08|34.41|0.43|0.05|0.01
Wawa Greenstone Belt|2700|43.8|0.2|5.14|8.23|0.17|34.65|8.89|0.05|0.01
Wawa Greenstone Belt|2700|47.32|0.05|3.71|8.32083916083916|0.18|35.09|3.14|0.89|0.5
Wawa Greenstone Belt|2700|44.34|0.21|4.27|9.946|0.2|35.11|4.32|0.15|0.08
Taishan Greenstone Belt|2704|51.12|0.55|6.22|10.0272027972028|0.25|22.54|8.01|0.05|0.05
Taishan Greenstone Belt|2704|50.77|0.5|6.49|9.86532867132867|0.24|22.75|8.12|0.05|0.05
Taishan Greenstone Belt|2704|48.32|0.35|8.18|9.11890909090909|0.18|22.82|9.38|0.1|0.5
Taishan Greenstone Belt|2704|49.12|0.29|7.95|8.8760979020979|0.16|23.02|9.26|0.09|0.21
Taishan Greenstone Belt|2704|47.95|0.31|8.86|9.2627972027972|0.17|23.46|8.67|0.08|0.18
Taishan Greenstone Belt|2704|48.78|0.25|7.07|9.2538041958042|0.15|25.02|8.32|0.05|0.05
Taishan Greenstone Belt|2704|46.48|0.29|7.46|9.80237762237762|0.17|29.39|5.25|0.03|0.01
Taishan Greenstone Belt|2704|46.61|0.28|7.2|9.79338461538462|0.17|29.54|5.25|0.04|0.01
Taishan Greenstone Belt|2704|47.6|0.19|4.97|8.93005594405594|0.16|30.59|6.18|0.06|0.3
Taishan Greenstone Belt|2704|46.59|0.24|5.7|8.24658741258741|0.13|30.7|6.93|0.03|0.52
Taishan Greenstone Belt|2704|47.82|0.19|4.97|8.39047552447553|0.16|30.97|6.27|0.06|0.21
Taishan Greenstone Belt|2704|47.8|0.14|3.4|9.74841958041958|0.19|31.15|6.12|0.08|0.27
Taishan Greenstone Belt|2704|46.29|0.24|5.4|8.66925874125874|0.14|31.2|6.55|0.03|0.5
Taishan Greenstone Belt|2704|46.44|0.2|4.97|8.80415384615385|0.15|31.34|6.62|0.02|0.47
Taishan Greenstone Belt|2704|46.91|0.18|4.66|9.40668531468532|0.17|31.45|5.85|0.06|0.24
Taishan Greenstone Belt|2704|45.97|0.2|5.12|9.16387412587413|0.15|31.49|6.38|0.03|0.47
Taishan Greenstone Belt|2704|46.06|0.2|4.9|9.10092307692308|0.16|31.61|6.47|0.02|0.46
Taishan Greenstone Belt|2704|45.95|0.2|4.94|9.28977622377622|0.15|31.67|6.25|0.02|0.48
Taishan Greenstone Belt|2704|45.88|0.21|5.17|9.09193006993007|0.14|31.79|6.19|0.03|0.47
Taishan Greenstone Belt|2704|45.88|0.17|4.79|9.89230769230769|0.17|32.35|5.27|0.08|0.26
Taishan Greenstone Belt|2704|45.44|0.23|5.55|8.93005594405594|0.14|32.45|5.83|0.02|0.41
Taishan Greenstone Belt|2704|45.26|0.2|5.08|9.58654545454546|0.16|32.67|5.58|0.02|0.38
Taishan Greenstone Belt|2704|44.78|0.16|4.07|11.1333426573427|0.14|33.33|4.79|0.02|0.33
Taishan Greenstone Belt|2704|44.68|0.16|4.03|10.8905314685315|0.16|33.41|5.05|0.02|0.37
Abitibi|2706|51.1|0.569|8.68|11.511048951049|0.232|17.2|8.75|1.53|0.021
Abitibi|2706|49.2|0.543|7.25|10.4318881118881|0.243|20.4|10.1|0.211|0.116
Abitibi|2706|49.3|0.345|7.01|11.3311888111888|0.224|22.4|9.09|0.005|0.005
Abitibi|2706|50.8|0.404|6.02|10.7916083916084|0.183|26.3|5.17|0.005|0.005
Abitibi|2711|46.05|0.41|8.37|11.7718461538462|0.21|24.47|8.32|0.44|0.15
Abitibi|2714|48.12|0.58|10.74|11.788|0.22|17.38|9.1|1.7|0.1
Abitibi|2714|47.85|0.49|9.83|12.48|0.22|18.47|8.02|0.69|0.04
Abitibi|2714|46.4|0.48|9.62|11.6909090909091|0.241|18.6|12|0.567|0.105
Abitibi|2714|46.95|0.52|10.1|11.421|0.2|18.9|9.5|0.76|0.01
Abitibi|2714|48.12|0.52|9.92|11.952|0.23|19.1|8.76|1.07|0.06
Abitibi|2714|45.85|0.49|9.36|11.754|0.24|19.26|10.85|0.18|0.03
Abitibi|2714|45.6|0.44|9.52|11.45|0.23|20.67|10.87|0.55|0.04
Abitibi|2714|45.29|0.55|10.49|12.788|0.21|20.73|8.65|0.97|0.03
Abitibi|2714|45.4|0.45|9.3|11.421|0.19|22.4|9.03|0.01|0.05
Abitibi|2714|44.99|0.46|8.86|12.829|0.21|22.87|8.61|0.85|0.02
Abitibi|2714|45.3|0.4|8.85|11.45|0.25|23.05|8.78|0.54|0.09
Abitibi|2714|45.4|0.52|8.72|11.799|0.21|23.33|8.86|0.96|0.13
Abitibi|2714|45.85|0.35|8.35|10.94|0.22|23.45|8.74|0.83|0.15
Abitibi|2714|45.6|0.409|8.38|11.1513286713287|0.18|23.5|8.52|0.45|0.07
Abitibi|2714|45.6|0.409|8.38|11.1513286713287|0.18|23.5|8.52|0.45|0.07
Abitibi|2714|46.7|0.444|8.49|10.8815384615385|0.214|23.6|8.99|0.289|0.043
Abitibi|2714|45.8|0.41|8.24|10.8815384615385|0.18|23.7|8.51|0.42|0.11
Abitibi|2714|45.8|0.41|8.24|10.8815384615385|0.18|23.7|8.51|0.42|0.11
Abitibi|2714|46.7|0.423|8|11.4211188811189|0.197|23.7|8.43|0.417|0.154
Abitibi|2714|44.99|0.45|9.26|11.988|0.23|23.7|7.54|0.1|0.04
Abitibi|2714|45.5|0.411|8.27|10.8815384615385|0.18|24.3|8.28|0.37|0.07
Abitibi|2714|45.5|0.401|8.26|10.8815384615385|0.19|24.3|8.3|0.38|0.07
Abitibi|2714|45.6|0.4|7.95|11.385|0.2|25|7.6|0.01|0.02
Abitibi|2714|44.2|0.26|7.12|11.3|0.2|25.1|7.39|0.8|0.06
Abitibi|2714|45.7|0.29|7.28|11.3|0.2|26|7.69|0.69|0.09
Abitibi|2714|45.9|0.31|7.32|11.1|0.21|26.1|7.59|0.7|0.1
Abitibi|2714|47|0.4|7.52|10.1620979020979|0.196|26.2|7.8|0.326|0.044
Abitibi|2714|46|0.32|7.4|11.5|0.22|26.5|7.4|0.45|0.1
Abitibi|2714|45.4|0.27|6.93|11.3|0.21|26.5|7.36|0.37|0.15
Abitibi|2714|45.4|0.35|7.25|10.7016783216783|0.18|26.8|6.96|0.5|0.06
Abitibi|2714|45.4|0.35|7.25|10.7016783216783|0.18|26.8|6.96|0.5|0.06
Abitibi|2714|45.4|0.35|7.25|10.7016783216783|0.18|26.8|6.96|0.5|0.06
Abitibi|2714|44.4|0.352|7.06|11.6909090909091|0.19|26.8|7.18|0.38|0.03
Abitibi|2714|44.4|0.352|7.06|11.6909090909091|0.19|26.8|7.18|0.38|0.03
Abitibi|2714|45.56|0.31|7.45|10.846|0.21|26.82|7.1|0.2|0.07
Abitibi|2714|45.8|0.351|7.22|10.5218181818182|0.17|26.9|6.99|0.4|0.03
Abitibi|2714|44.17|0.35|7.98|12.177|0.23|26.99|5.81|0.09|0.06
Abitibi|2714|45.56|0.33|7.48|11.709|0.24|27.24|6.34|0.11|0.11
Abitibi|2714|45.2|0.331|6.82|10.6117482517483|0.19|27.4|7.49|0.27|0.02
Abitibi|2714|45.2|0.331|6.82|10.6117482517483|0.19|27.4|7.49|0.27|0.02
Abitibi|2714|45.2|0.331|6.82|10.6117482517483|0.19|27.4|7.49|0.27|0.02
Abitibi|2714|44.35|0.35|7.39|13.28|0.26|27.42|6.32|0.06|0.07
Abitibi|2714|46|0.27|7.21|10.4|0.19|27.5|7.08|0.42|0.13
Abitibi|2714|45.4|0.351|7.07|10.8815384615385|0.17|27.5|6.51|0.32|0.13
Abitibi|2714|45.4|0.351|7.07|10.8815384615385|0.17|27.5|6.51|0.32|0.13
Abitibi|2714|44.8|0.33|6.93|11.0613986013986|0.17|27.8|6.58|0.43|0.05
Abitibi|2714|44.8|0.33|6.93|11.0613986013986|0.17|27.8|6.58|0.43|0.05
Abitibi|2714|44.8|0.33|6.93|11.0613986013986|0.17|27.8|6.58|0.43|0.05
Abitibi|2714|44.8|0.33|6.93|11.0613986013986|0.17|27.8|6.58|0.43|0.05
Abitibi|2714|46|0.28|6.71|10.8|0.19|27.9|6.73|0.26|0.11
Abitibi|2714|45.6|0.318|6.47|10.252027972028|0.17|28.8|6.05|0.41|0.21
Abitibi|2714|45.3|0.328|6.66|10.1620979020979|0.16|29.2|5.86|0.3|0.3
Abitibi|2714|46|0.343|6.25|10.5218181818182|0.175|29.5|6.31|0.372|0.109
Abitibi|2714|45.3|0.32|6.42|9.89230769230769|0.16|30|5.76|0.32|0.22
Abitibi|2714|45|0.317|6.27|9.89230769230769|0.17|30.3|5.74|0.37|0.23
Abitibi|2714|45.2|0.31|6.35|10.1620979020979|0.15|30.6|5.09|0.33|0.03
Abitibi|2714|45.2|0.31|6.35|10.1620979020979|0.15|30.6|5.09|0.33|0.03
Abitibi|2714|45.2|0.31|6.35|10.1620979020979|0.15|30.6|5.09|0.33|0.03
Abitibi|2714|45.3|0.334|6.27|10.341958041958|0.202|30.6|6.32|0.234|0.16
Abitibi|2714|45.5|0.21|5.91|10.7|0.19|31.2|5.92|0.4|0.08
Abitibi|2714|45.3|0.279|5.87|9.71244755244755|0.12|31.8|5.07|0.24|0.04
Abitibi|2714|45.3|0.279|5.87|9.71244755244755|0.12|31.8|5.07|0.24|0.04
Abitibi|2714|45.3|0.279|5.87|9.71244755244755|0.12|31.8|5.07|0.24|0.04
Abitibi|2714|45.1|0.19|5.47|10.4|0.18|31.9|5.83|0.29|0.07
Abitibi|2714|44.3|0.271|5.61|10.341958041958|0.18|31.9|5.02|0.41|0.19
Abitibi|2714|44.8|0.278|5.71|9.80237762237762|0.15|32.4|4.84|0.24|0.14
Abitibi|2714|44.6|0.286|5.71|9.62251748251748|0.15|32.6|4.91|0.23|0.17
Abitibi|2714|45.2|0.27|5.57|9.35272727272727|0.12|33.1|4.4|0.28|0.05
Abitibi|2714|45.2|0.27|5.57|9.35272727272727|0.12|33.1|4.4|0.28|0.05
Abitibi|2714|45.2|0.27|5.57|9.35272727272727|0.12|33.1|4.4|0.28|0.05
Abitibi|2714|44.6|0.17|5.06|9.76|0.18|33.1|5.29|0.29|0.04
Abitibi|2714|44.9|0.19|5.3|10.4|0.18|33.6|5|0.35|0.08
Abitibi|2714|44.07|0.21|5.47|9.478|0.19|33.92|5.2|0.32|0.13
Abitibi|2714|45|0.15|4.82|9.87|0.19|34.2|4.46|0.12|0.04
Abitibi|2714|44.6|0.261|5.27|9.53258741258741|0.11|34.4|3.75|0.3|0.03
Abitibi|2714|44.6|0.261|5.27|9.53258741258741|0.11|34.4|3.75|0.3|0.03
Abitibi|2714|44.6|0.261|5.27|9.53258741258741|0.11|34.4|3.75|0.3|0.03
Abitibi|2714|44.6|0.261|5.27|9.53258741258741|0.11|34.4|3.75|0.3|0.03
Abitibi|2714|44.9|0.25|5.15|9.08293706293706|0.11|34.7|3.74|0.29|0.09
Abitibi|2714|44.9|0.25|5.15|9.08293706293706|0.11|34.7|3.74|0.29|0.09
Abitibi|2714|44.9|0.25|5.15|9.08293706293706|0.11|34.7|3.74|0.29|0.09
Abitibi|2714|44.9|0.25|5.15|9.08293706293706|0.11|34.7|3.74|0.29|0.09
Abitibi|2716|44.6|0.6|9.92|12.5002797202797|0.22|17.1|6.79|0.83|2.72
Abitibi|2717|47.47|0.58|10.03|11.547020979021|0.19|17.1|10.88|0.48|0.11
Abitibi|2717|43.2|0.5|9.4|12.0506293706294|0.18|19.9|12.8|0.03|0.01
Abitibi|2717|47.79|0.45|9.44|11.98|0.23|20.28|9.14|0.47|0.19
Abitibi|2717|45.6|0.447|9.13|11.1513286713287|0.25|20.7|10.8|0.1|0.03
Abitibi|2717|45.6|0.447|9.13|11.1513286713287|0.25|20.7|10.8|0.1|0.03
Abitibi|2717|46.05|0.47|9.44|11.8437902097902|0.22|21.88|8.42|0.17|0.11
Abitibi|2717|47.08|0.41|8.47|12.24|0.25|22.42|8.9|0.05|0.06
Abitibi|2717|47.22|0.48|8.96|11.09|0.16|22.46|8.42|0.03|1.15
Abitibi|2717|45.2|0.409|8.52|11.9606993006993|0.22|22.6|9.05|0.05|0.04
Abitibi|2717|45.2|0.409|8.52|11.9606993006993|0.22|22.6|9.05|0.05|0.04
Abitibi|2717|47.33|0.24|5.71|10.5937622377622|0.24|23.1|11.51|0.06|0.02
Abitibi|2717|47.32|0.41|8.65|11.41|0.19|23.29|8.18|0.18|0.04
Abitibi|2717|45.8|0.44|8.6|11.4211188811189|0.16|23.5|7.8|0.09|0.04
Abitibi|2717|44.7|0.41|7.9|11.0613986013986|0.21|23.6|10.6|0.12|0.04
Abitibi|2717|45.3|0.401|8.34|11.2412587412587|0.21|23.7|8.87|0.05|0.03
Abitibi|2717|44.3|0.42|8.79|11.08|0.24|23.95|11.09|0.05|0.05
Abitibi|2717|45.5|0.41|8.27|10.8815384615385|0.19|24.1|8.28|0.49|0.07
Abitibi|2717|48.03|0.37|6.6|10.62|0.19|24.42|9.59|0.1|0.04
Abitibi|2717|47.6|0.42|8.18|11.31|0.17|24.44|7.42|0.24|0.15
Abitibi|2717|46.39|0.47|8.39|11.89|0.17|24.49|7.93|0.17|0.06
Abitibi|2717|45.4|0.369|7.98|11.4211188811189|0.2|24.6|8.01|0.06|0.03
Abitibi|2717|46.07|0.43|9.36|13.06|0.17|24.62|6.1|0.05|0.05
Abitibi|2717|48.31|0.34|6.46|10.4|0.16|25.08|9.08|0.1|0.03
Abitibi|2717|46.59|0.45|8.13|11.22|0.19|25.1|8.19|0.04|0.04
Abitibi|2717|49.48|0.31|5.04|10.8635524475525|0.2|25.42|7.37|0.05|0.02
Abitibi|2717|45.4|0.391|7.92|11.600979020979|0.2|25.5|6.72|0.31|0.1
Abitibi|2717|48.02|0.37|7.98|10.83|0.2|25.68|6.81|0.02|0.06
Abitibi|2717|45.9|0.361|7.34|10.8815384615385|0.18|25.8|7.71|0.01|0.02
Abitibi|2717|45.55|0.42|8.07|11.92|0.19|26.1|7.63|0.04|0.04
Abitibi|2717|45.08|0.39|8|12.4373286713287|0.13|26.1|6.31|0.1|0.04
Abitibi|2717|48.79|0.36|6.85|10.42|0.17|26.23|7.05|0.08|0.04
Abitibi|2717|45.9|0.361|7.45|10.7016783216783|0.16|26.7|6.94|0.07|0.03
Abitibi|2717|45.9|0.361|7.45|10.7016783216783|0.16|26.7|6.94|0.07|0.03
Abitibi|2717|51.03|0.33|6.67|10.97|0.16|26.76|3.99|0.02|0.02
Abitibi|2717|44.13|0.39|7.85|10.82|0.2|27|9.49|0.06|0.08
Abitibi|2717|45.7|0.35|7.31|11.2412587412587|0.2|27.1|5.91|0.29|0.08
Abitibi|2717|45.4|0.35|7|10.7916083916084|0.17|27.9|6.5|0.29|0.1
Abitibi|2717|46.03|0.43|7.2|10.315|0.17|28.18|6.08|0.3|0.1
Abitibi|2717|44.7|0.37|6.7|10.6117482517483|0.16|28.2|7.4|0.07|0.04
Abitibi|2717|45.3|0.34|6.8|10.7016783216783|0.16|28.4|6.2|0.42|0.11
Abitibi|2717|45.67|0.35|7.01|10.8|0.2|28.93|6.92|0.04|0.04
Abitibi|2717|45.5|0.34|6.5|10.1620979020979|0.16|29.2|6.2|0.28|0.08
Abitibi|2717|44.72|0.34|6.74|10.5847692307692|0.2|29.34|6.75|0.02|0.04
Abitibi|2717|45|0.34|6.7|10.0721678321678|0.17|29.4|6.3|0.3|0.09
Abitibi|2717|45.82|0.36|6.39|9.883|0.18|29.59|6.2|0.35|0.13
Abitibi|2717|45|0.32|6.3|10.341958041958|0.16|29.6|6.1|0.44|0.1
Abitibi|2717|45|0.32|6.3|10.341958041958|0.16|29.6|6.1|0.44|0.1
Abitibi|2717|44.94|0.33|6.02|8.73220979020979|0.18|29.68|8.74|0.28|0.07
Abitibi|2717|45.2|0.35|6.5|9.89230769230769|0.17|29.8|6.3|0.23|0.01
Abitibi|2717|43.4|0.32|6|10.6117482517483|0.18|29.8|7.9|0.04|0.01
Abitibi|2717|44.87|0.31|6.02|12.93|0.19|30.08|5.53|0.03|0.03
Abitibi|2717|44.05|0.29|5.9|9.36172027972028|0.2|30.32|8.72|0.04|0.03
Abitibi|2717|45.1|0.33|6.6|10.7916083916084|0.18|30.4|4.8|0.03|0.03
Abitibi|2717|44.34|0.3|6.34|10.6477202797203|0.19|30.43|5.94|0.28|0.1
Abitibi|2717|45.1|0.35|6.42|10.2160559440559|0.19|30.61|5.74|0.04|0.11
Abitibi|2717|45.2|0.31|6.1|9.89230769230769|0.17|30.7|5.7|0.26|0.02
Abitibi|2717|44.4|0.3|5.94|11.618965034965|0.21|30.94|4.94|0.23|0.07
Abitibi|2717|44.89|0.32|6.35|10.1351188811189|0.17|30.96|5.77|0.06|0.1
Abitibi|2717|44.83|0.33|6.12|11.0164335664336|0.19|31.09|5.47|0.1|0.03
Abitibi|2717|44.62|0.3|5.67|10.1620979020979|0.22|31.24|6.45|0.12|0.04
Abitibi|2717|45.65|0.3|6.19|10.51|0.24|31.58|5.32|0.11|0.08
Abitibi|2717|44|0.26|5.23|11.627958041958|0.17|32.2|5|0.11|0.04
Abitibi|2717|44.6|0.3|5.6|9.71244755244755|0.14|32.7|5|0.23|0.06
Abitibi|2717|45.02|0.36|5.72|9.955|0.16|32.75|4.74|0.05|0.09
Abitibi|2717|43.81|0.26|5.07|11.1962937062937|0.21|33.1|4.77|0.23|0.05
Abitibi|2717|44.83|0.25|4.61|10.7016783216783|0.19|33.2|4.75|0.17|0.04
Abitibi|2717|44.6|0.29|5.3|9.53258741258741|0.13|33.7|4.6|0.2|0.06
Abitibi|2717|43.29|0.26|4.97|11.4660839160839|0.2|33.78|4.45|0.17|0.07
Abitibi|2717|44.5|0.26|5.21|9.89230769230769|0.16|33.9|4.28|0.15|0.07
Abitibi|2717|44.5|0.26|5.21|9.89230769230769|0.16|33.9|4.28|0.15|0.07
Abitibi|2717|45.26|0.28|5.86|10.44|0.24|33.94|3.81|0.11|0.06
Abitibi|2717|43.8|0.26|5|10.0721678321678|0.12|34.7|4.4|0.03|0.01
Abitibi|2717|45.31|0.29|5.53|10.02|0.26|35.16|3.29|0.05|0.08
Abitibi|2720|50|0.43|3.54|9.2627972027972|0.17|17.7|15.8|0.59|0.04
Abitibi|2720|49.5|0.55|8.65|11.52|0.2|17.8|8.83|1.08|0.07
Abitibi|2720|49.3|0.53|4.86|11.8707692307692|0.2|17.9|10.8|0.47|0.03
Abitibi|2720|49.1|0.76|7.4|10.252027972028|0.23|18|10.4|0.54|0.09
Abitibi|2720|48.2|1.06|5.75|13.0398601398601|0.21|18.7|6.13|2.72|0.98
Abitibi|2720|46.1|0.43|8.63|11.3311888111888|0.19|18.9|7.89|1.7|0.08
Abitibi|2720|48.4|1|5.55|12.1405594405594|0.2|19.3|6.91|2.47|1.14
Abitibi|2720|47.1|0.51|10.35|11.63|0.23|19.58|8.17|0.86|0.13
Abitibi|2720|44.2|0.36|10.2|10.55|0.2|19.9|8.52|1.21|0.15
Abitibi|2720|48.24|0.56|7.38|12.4912867132867|0.3|20.05|9.23|0.22|0.07
Abitibi|2720|50|0.26|5.12|7.80593006993007|0.15|21.1|4.8|2.68|4.1
Abitibi|2720|48.47|0.51|7.25|11.7718461538462|0.22|21.65|8.74|0.01|0.01
Abitibi|2720|47.97|0.29|9.31|10.36|0.19|23.5|7.76|0.01|0.02
Abitibi|2720|44.3|0.39|8.2|8.49839160839161|0.13|23.7|3.53|0.88|6.87
Abitibi|2720|45.2|0.419|8.43|12.7|0.21|24.3|7.73|0.37|0.01
Abitibi|2720|45.16|0.81|3.62|16.5381398601399|0.26|24.41|7.17|0.08|0.03
Abitibi|2720|49.5|0.274|5.14|10.5|0.14|25.2|8.8|0|0.05
Abitibi|2720|49.5|0.274|5.14|10.5|0.14|25.2|8.8|0|0.02
Abitibi|2720|45.3|0.374|7.52|12.1|0.2|25.9|7.65|0.27|0.01
Abitibi|2720|45.1|0.42|8.25|10.252|0.19|26.39|7.72|0|0.01
Abitibi|2720|44.6|0.396|8.27|12.9|0.2|26.4|6.43|0.13|0.01
Abitibi|2720|45.9|0.373|6.98|12.2|0.15|26.5|7.22|0.06|0.01
Abitibi|2720|44.44|0.43|8.93|10.819|0.19|26.6|7.04|0|0.01
Abitibi|2720|45.5|0.353|7.23|12|0.19|27.1|6.72|0.21|0.07
Abitibi|2720|45.55|0.42|8.59|10.342|0.19|27.19|6.21|0|0.01
Abitibi|2720|45.07|0.47|8.79|10.98|0.2|27.3|5.69|0|0.03
Abitibi|2720|49.55|0.29|6.9|9.172|0.17|27.44|5.28|0|0.02
Abitibi|2720|46.04|0.36|7.32|10.9|0.19|27.45|6.8|0.22|0.08
Abitibi|2720|47.35|0.38|7.32|9.271|0.19|27.61|6.26|0|0.03
Abitibi|2720|44.84|0.37|6.83|12.4013566433566|0.18|27.69|5.98|0.22|0.07
Abitibi|2720|46.29|0.32|6.67|11.1962937062937|0.19|27.73|6.14|0.19|0.04
Abitibi|2720|44|0.34|6.17|9.72|0.18|27.9|6.82|0.57|0.05
Abitibi|2720|48.75|0.42|7.78|10.207|0.14|28.48|2.92|0|0.02
Abitibi|2720|46.45|0.46|7.76|11.025|0.18|28.55|3.99|0|0.01
Abitibi|2720|47.4|0.34|6.09|9.19984615384615|0.17|29.76|5.83|0.17|0.02
Abitibi|2720|45.9|0.34|6.7|9.97324475524476|0.18|29.98|5.73|0.11|0.02
Abitibi|2720|45.7|0.294|6.15|11.2|0.16|30.5|5.46|0|0.03
Abitibi|2720|46.36|0.37|6.64|9.28078321678322|0.18|30.65|5.33|0.15|0.02
Abitibi|2720|45.4|0.39|5.3|10.8815384615385|0.18|31.3|5.25|0.2|0.2
Abitibi|2720|45.1|0.264|5.63|11.2|0.18|32.6|4.43|0|0.03
Abitibi|2720|44.91|0.26|5.58|10.7736223776224|0.19|32.83|4.18|0.1|0.02
Abitibi|2720|44.13|0.2|4.79|11.9786853146853|0.21|34.11|3.19|0.08|0.02
Abitibi|2720|43.21|0.2|5.25|12.3563916083916|0.2|34.57|2.75|0.1|0.02
Crixas Greenstone Belt|2730|49.2|0.38|2.88|9.03888111888112|0.19|33|3.22|0.04|0.02
Abitibi|2760|45.64|0.31|6.41|9.82935664335664|0.18|29.86|5.7|0.27|0.08
Abitibi|2760|45.47|0.32|6.44|10.0092167832168|0.16|30.16|5.99|0.24|0.06
Abitibi|2760|45.66|0.3|6.31|9.97324475524476|0.18|30.21|5.57|0.47|0.11
Abitibi|2760|43.77|0.25|5.17|11.9067412587413|0.22|31.37|5.4|0.11|0.02
Kuhmo|2780|45.6|0.45|8.56|12.78|0.23|19|8.2|0.4|0.03
Kuhmo|2780|49.29|0.53|8.45|10.14|0.21|19.82|9.34|0.63|0.03
Kuhmo|2780|45.37|0.69|10.59|12.41|0.21|20.21|8.11|0.36|0.03
Kuhmo|2780|49.8|0.5|7.05|9.57|0.2|21.56|9.5|0.11|0.01
Kuhmo|2780|49.4|0.49|7.97|9.38|0.2|23.3|8.84|0.2|0.01
Kuhmo|2780|45.94|0.44|8.86|11.05|0.15|23.93|5.97|0.24|0.01
Kuhmo|2780|47.02|0.34|6.87|9.9|0.18|24.53|7.12|0.19|0.01
Kuhmo|2780|45.16|0.51|9.38|11.9|0.16|24.61|6.63|0.26|0.01
Kuhmo|2780|49.7|0.37|7.56|8.92|0.19|24.8|7.78|0.34|0.01
Kuhmo|2780|47.57|0.34|7.56|9.37|0.15|26.15|7.55|0.19|0.01
Kuhmo|2780|46.46|0.39|8.21|9.83|0.15|27.17|6.51|0.13|0.01
Kuhmo|2780|46.14|0.41|8.51|9.93|0.13|27.71|5.99|0.01|0.01
Kuhmo|2780|45|0.31|6.94|10.67|0.22|27.99|7.61|0.01|0.01
Kuhmo|2780|44.91|0.28|6.06|9.69|0.29|29.43|8.2|0.01|0.01
Kuhmo|2780|44.79|0.28|6.25|10.18|0.23|30.27|6.8|0.01|0.01
Belomoria|2785|46.86|0.38|8.11|12.2484755244755|0.23|17.46|11.42|1.02|0.04
Belomoria|2785|47.38|0.47|10.26|10.6805454545455|0.24|22.62|7.18|0.73|0.09
Belomoria|2785|49.49|0.39|7.2|13.2081818181818|0.27|24.69|4.12|0.3|0.05
Belomoria|2785|48.28|0.3|6.36|10.8277202797203|0.26|29.22|4.09|0.11|0.02
Kostomuksha|2795|45.6|0.57|9.47|12.5902097902098|0.18|22.1|7.6|0.4|0.06
Kostomuksha|2795|47.56|0.48|7.6|8.14516083916084|0.08|24.05|4.79|0.3|2.63
Kostomuksha|2795|44.8|0.51|8.47|12.0506293706294|0.18|24.1|7.97|0.22|0.03
Kostomuksha|2795|45.2|0.468|8.3|12.1135804195804|0.18|24.43|7.84|0.01|0.03
Kostomuksha|2795|45.58|0.48|7.94|8.01759440559441|0.11|24.46|7.14|0.2|1.31
Kostomuksha|2795|45.63|0.476|7.75|12.3114265734266|0.18|24.81|7.37|0.01|0.03
Kostomuksha|2795|46.01|0.477|7.72|11.8258041958042|0.17|24.85|7.5|0.04|0.02
Kostomuksha|2795|45.67|0.467|7.79|11.6639300699301|0.18|24.88|7.8|0.14|0.03
Kostomuksha|2795|45|0.49|7.89|12.4103496503497|0.18|25.4|7.12|0.01|0.02
Kostomuksha|2795|44.7|0.5|8.12|12.2304895104895|0.17|25.5|7.14|0.16|0.03
Kostomuksha|2795|43.96|0.502|8.43|12.7251048951049|0.17|25.79|6.9|0.01|0.02
Kostomuksha|2795|44.02|0.482|8.4|12.2664615384615|0.17|26.01|7.16|0.01|0.02
Kostomuksha|2795|44.17|0.47|8.18|11.8797622377622|0.17|26.21|7.48|0.01|0.02
Kostomuksha|2795|45.65|0.448|7.18|11.565006993007|0.18|26.22|7.37|0.01|0.02
Kostomuksha|2795|44.7|0.46|7.91|11.8707692307692|0.17|26.4|6.98|0.09|0.02
Kostomuksha|2795|44.42|0.469|7.55|12.0236503496504|0.17|26.59|7.32|0.02|0.03
Kostomuksha|2795|45.51|0.437|7.39|11.511048951049|0.16|26.73|6.73|0.16|0.02
Kostomuksha|2795|45.37|0.447|7.41|12.3114265734266|0.16|26.79|6.04|0.01|0.01
Kostomuksha|2795|45.78|0.414|7.27|11.2502517482518|0.17|26.83|6.77|0.16|0.02
Kostomuksha|2795|45.1|0.41|7.01|12.6801398601399|0.16|27.2|5.93|0.02|0.04
Kostomuksha|2795|46.2|0.42|7.15|10.5218181818182|0.16|27.4|6.95|0.04|0.02
Kostomuksha|2795|44.9|0.44|7.03|11.7538601398601|0.17|27.66|6.48|0.14|0.02
Kostomuksha|2795|44.6|0.43|7.31|11.6909090909091|0.17|27.8|6.55|0.01|0.02
Kostomuksha|2795|45.3|0.41|7.12|11.0613986013986|0.18|27.9|6.77|0.01|0.02
Kostomuksha|2795|44.77|0.39|7.19|11.3671608391608|0.16|28.03|6.72|0.01|0.02
Kostomuksha|2795|44.95|0.404|6.85|11.7808391608392|0.17|28.14|6.26|0.02|0.03
Kostomuksha|2795|45.52|0.401|6.9|10.7826153846154|0.17|28.24|6.7|0.01|0.02
Kostomuksha|2795|45.5|0.4|6.97|10.9714685314685|0.17|28.3|6.31|0.01|0.02
Kostomuksha|2795|44.93|0.42|7.17|11.3132027972028|0.17|28.66|5.98|0.01|0.02
Kostomuksha|2795|44.95|0.467|7.79|10.314979020979|0.18|28.68|6.73|0.3|0.02
Kostomuksha|2795|45.7|0.34|6.18|10.7016783216783|0.17|30|5.67|0.01|0.02
Kostomuksha|2795|45.4|0.35|6.44|9.44265734265734|0.17|30.3|6.66|0.02|0.02
Kostomuksha|2795|45.9|0.34|5.93|10.1620979020979|0.16|31|5.28|0.01|0.02
Kostomuksha|2795|44.95|0.319|5.41|10.2070629370629|0.19|32.71|4.98|0.01|0.02
Kostomuksha|2795|43.92|0.335|5.37|10.8185874125874|0.19|33.07|4.91|0.11|0.01
Kostomuksha|2795|44.2|0.3|5.07|10.4318881118881|0.19|33.6|4.94|0.01|0.01
Kostomuksha|2795|44.01|0.301|5.15|10.6117482517483|0.18|34.75|3.73|0.01|0.02
Kostomuksha|2795|43.7|0.29|5.19|10.0721678321678|0.21|34.8|4.49|0.01|0.02
Tipasjrvi|2800|45.16|0.51|9.38|11.8887552447553|0.16|24.61|6.63|0.26|0.01
Tipasjrvi|2800|45.94|0.44|8.86|11.0434125874126|0.16|26.03|5.97|0.26|0.01
Tipasjrvi|2800|47.02|0.34|7.35|9.89230769230769|0.18|26.23|7.61|0.2|0.01
Tipasjrvi|2800|47.14|0.36|7.37|9.60453146853147|0.21|26.35|7.63|0.21|0.01
Tipasjrvi|2800|47.57|0.34|7.56|9.36172027972028|0.15|26.51|7.55|0.19|0.01
Tipasjrvi|2800|44.41|0.3|6.18|10.341958041958|0.17|27|6.81|0.49|0.06
Tipasjrvi|2800|46.46|0.39|8.21|9.82935664335664|0.15|27.17|6.51|0.13|0.01
Tipasjrvi|2800|46.14|0.41|8.51|9.92827972027972|0.13|27.71|5.99|0.01|0.01
Tipasjrvi|2800|43.81|0.3|6.41|10.4049090909091|0.17|27.98|6.17|0.51|0.11
Tipasjrvi|2800|45|0.31|6.94|10.6657062937063|0.22|27.99|7.61|0.01|0.01
Tipasjrvi|2800|44.91|0.28|6.06|9.68546853146853|0.29|29.43|8.2|0.01|0.01
Tipasjrvi|2800|44.79|0.28|6.25|10.1710909090909|0.23|30.27|6.8|0.01|0.01
Kostomuksha grst Russia|2820|45.6|0.57|9.47|12.6012601260126|0.18|22.1|7.6|0.04|0.06
Kostomuksha grst Russia|2820|44.8|0.51|8.47|12.0612061206121|0.18|24.1|7.97|0.22|0.03
Kostomuksha grst Russia|2820|45|0.49|7.89|12.4212421242124|0.18|25.4|7.12|0.01|0.02
Kostomuksha grst Russia|2820|44.7|0.5|8.12|12.2412241224122|0.17|25.5|7.14|0.016|0.03
Kostomuksha grst Russia|2820|44.7|0.46|7.91|11.8811881188119|0.17|26.4|6.98|0.09|0.02
Kostomuksha grst Russia|2820|45.1|0.41|7.01|12.6912691269127|0.16|27.2|5.93|0.02|0.04
Kostomuksha grst Russia|2820|46.2|0.42|7.15|10.5310531053105|0.16|27.4|6.95|0.04|0.02
Kostomuksha grst Russia|2820|44.6|0.43|7.31|11.7011701170117|0.17|27.8|6.55|0.01|0.02
Kostomuksha grst Russia|2820|45.3|0.41|7.12|11.0711071107111|0.18|27.9|6.77|0.01|0.02
Kostomuksha grst Russia|2820|45.5|0.4|6.97|10.981098109811|0.17|28.3|6.31|0.01|0.02
Kostomuksha grst Russia|2820|45.7|0.34|6.18|10.7110711071107|0.17|30|5.67|0.01|0.02
Kostomuksha grst Russia|2820|45.4|0.35|6.44|9.45094509450945|0.17|30.3|6.66|0.02|0.02
Kostomuksha grst Russia|2820|45.9|0.34|5.93|10.1710171017102|0.16|31|5.28|0.01|0.02
Vodla|2850|46|0.324|7.58|11.4211188811189|0.18|24.4|7.86|0.79|0.1
Vodla|2850|45.5|0.314|7.23|11.4211188811189|0.18|25.3|7.91|0.55|0.13
Vodla|2850|45.2|0.37|8.12|12.1|0.17|26|7.2|0.7|0.12
Vodla|2850|46.8|0.294|6.94|10.7016783216783|0.17|26.3|6.76|0.64|0.12
Vodla|2850|45.2|0.285|6.79|11.600979020979|0.16|26.9|6.77|0.79|0.1
Vodla|2850|45.2|0.285|6.79|11.600979020979|0.16|26.9|6.77|0.79|0.1
Vodla|2850|45.6|0.286|6.39|11.1513286713287|0.16|27.6|6.88|0.43|0.13
Vodla|2850|44.7|0.283|6.45|10.7016783216783|0.18|27.8|7.87|0.56|0.14
Vodla|2850|44.7|0.283|6.45|10.7016783216783|0.18|27.8|7.87|0.56|0.14
Vodla|2850|44.7|0.283|6.45|10.7016783216783|0.18|27.8|7.87|0.56|0.14
Vodla|2850|45.6|0.267|6.12|11.4211188811189|0.16|28.5|6.18|0.29|0.14
Vodla|2850|46.2|0.256|6.24|10.0721678321678|0.17|28.9|6.27|0.65|0.09
Vodla|2850|46.2|0.247|5.6|10.7016783216783|0.17|29.6|5.83|0.37|0.06
Vodla|2850|45.4|0.257|5.52|11.7808391608392|0.18|29.9|5.38|0.12|0.09
Vodla|2850|46.47|0.239|6|10.8815384615385|0.16|30.1|4.55|0.28|0.11
Vodla|2850|45|0.248|5.66|11.4211188811189|0.17|31|4.91|0.27|0.09
Vodla|2850|45|0.228|5.51|10.5218181818182|0.17|31.7|5.29|0.22|0.09
Vodla|2850|45|0.228|5.51|10.5218181818182|0.17|31.7|5.29|0.22|0.09
Vodla|2850|44.5|0.215|5.49|11.0613986013986|0.17|32.5|4.3|0.23|0.07
Vodla|2850|44.7|0.197|5.13|10.8815384615385|0.18|33.9|3.42|0.25|0.03
Sumozero|2875|45.9|0.375|7.3|11.4211188811189|0.21|27.5|5.8|0.011|0.022
Sumozero|2875|45.3|0.36|6.92|11.1513286713287|0.2|28.9|5.85|0.011|0.033
Sumozero|2875|44.8|0.336|6.52|10.7916083916084|0.2|30.1|5.87|0.011|0.033
Sumozero|2875|44.6|0.312|6.12|10.5218181818182|0.2|31.5|5.62|0.012|0.012
Wava Greenstone Belt|2900|48.59|0.7|9.43|12.17|0.19|17.93|8.7|0.82|0.05
Wava Greenstone Belt|2900|50.2|0.37|7.39|11.2592447552447|0.23|18.53|9.5|1.17|0.06
Wava Greenstone Belt|2900|50.2|0.37|7.39|11.27|0.23|18.53|9.5|1.17|0.06
Wava Greenstone Belt|2900|49.84|0.53|8.25|11.17|0.19|19.15|9.27|0.31|0.03
Wava Greenstone Belt|2900|48.89|0.6|8.96|12.54|0.16|19.39|7.78|0.22|0.03
Wava Greenstone Belt|2900|48.14|0.7|7.86|12.49|0.18|19.44|9.47|0.22|0.06
Wava Greenstone Belt|2900|48.83|0.39|8.3|11.1873006993007|0.21|19.8|8.92|1.01|0.07
Wava Greenstone Belt|2900|48.94|0.41|7.88|10.99|0.19|20.56|9.53|0.24|0.03
Wava Greenstone Belt|2900|47.78|0.49|8.92|11.618965034965|0.19|22.05|7.42|0.2|0
Wava Greenstone Belt|2900|48.81|0.38|7.66|11.03|0.18|22.21|8.36|0.12|0.01
Wava Greenstone Belt|2900|46.81|1.45|6.76|16.9518181818182|0.24|22.62|2.61|0.39|0.18
Wava Greenstone Belt|2900|46.81|1.45|6.76|16.96|0.24|22.62|2.61|0.39|0.18
Wava Greenstone Belt|2900|49.38|0.55|6.72|10.02|0.17|23.01|8.73|0.25|0.02
Wava Greenstone Belt|2900|48.47|1.38|5.53|16.744979020979|0.16|23.5|1.78|0.19|0.26
Wava Greenstone Belt|2900|48.47|1.38|5.53|16.75|0.16|23.5|1.78|0.19|0.26
Wava Greenstone Belt|2900|50.13|0.31|6.38|10.0991468531469|0.18|23.95|7.33|0.19|0.26
Palaselga gst, Finland|2940|46.46|0.38|9.45|11.1596783216783|0.26|17.89|8.9|0.79|0.05
Palaselga gst, Finland|2940|46.1|0.41|9.19|11.8547132867133|0.2|18.09|8.96|0.5|0.05
Palaselga gst, Finland|2940|49.86|0.36|6.6|10.7716503496504|0.3|19.33|9.8|0.55|0.04
Palaselga gst, Finland|2940|50.8|0.31|5.32|10.769986013986|0.32|19.51|10.08|0.35|0.03
Palaselga gst, Finland|2940|51.06|0.26|4.99|8.37346853146853|0.25|21.11|9.95|0.11|0.01
Palaselga gst, Finland|2940|47.74|0.48|7.04|9.18478321678322|0.2|22.02|8.55|0.11|0.02
Identidade Greenstone belt|2944|49.45|0.18|8.47|9.83586013986014|0.14|24.83|6.77|0.04|0.01
Identidade Greenstone belt|2944|50.63|0.22|7.01|10.2868671328671|0.13|25.53|5.87|0.03|0.01
Identidade Greenstone belt|2944|48.32|0.29|7.78|13.0739440559441|0.19|26.23|3.67|0.01|0.01
Steep Rock|2980|44.4|1.5|4.6|16.286|0.3|17.8|11.6|0.26|0.74
Steep Rock|2980|43.8|1.7|5.1|16.876|0.3|19.2|9.6|0.33|0.5
Steep Rock|2980|45.3|1.6|3.7|16.144|0.4|19.6|8.3|0.34|0.03
Steep Rock|2980|45.7|1.6|4.8|16.595|0.3|19.9|7.8|0.25|0.51
Steep Rock|2980|44.6|1.7|5.2|15.215|0.3|21.8|6.2|0.23|0.04
Steep Rock|2980|44.5|1.8|5.8|16.904|0.3|22.6|5.4|0.13|0.07
Red Lake|2990|50.16|0.28|7.78|11.6999020979021|0.21|21.09|7.2|0.23|0.02
Red Lake|2990|51.85|0.21|5.55|10.225048951049|0.13|25.33|5.47|0.12|0.01
Red Lake|2990|50.82|0.25|4.64|12.1135804195804|0.23|26.82|2.91|0.09|0.76
Red Lake|2990|50.82|0.25|4.64|12.12|0.23|26.82|2.91|0.09|0.76
Red Lake|2990|45.71|0.32|7.91|13.0578461538461|0.15|28.13|3.16|0.12|0.01
Nunatak 1390|3000|46.43|0.63|4.48|14.9104055944056|0.22|17.07|9.89|0.43|1.77
Goias|3000|48.71|1.09|9.02|12.2934405594406|0.16|17.74|7.66|1.81|0.06
Goias|3000|47.4|0.92|1.62|14.6|0.15|18.7|16.5|0.34|0.01
Goias|3000|50.36|0.444|3.18|11.7628531468532|0.19|19.19|10.02|0.27|0.101
Goias|3000|50.1|0.293|7.22|8.69623776223776|0.16|19.79|6.92|0.4|2.17
Goias|3000|49.67|0.41|8.68|11.62|0.29|20.3|7.31|0.33|0.05
Goias|3000|49.6|0.6|1.28|15.1|0.15|21.4|11.3|0.21|0.01
Goias|3000|48.95|0.68|2.9|15.88|0.15|21.79|9.56|0.41|0.05
Goias|3000|47.6|0.37|5.63|12.49|0.21|22.12|9.43|0.7|0.04
Goias|3000|46.95|0.76|7.27|13.2107272727273|0.22|22.5|7.49|0|0.08
Goias|3000|52.24|0.27|5.65|10.2|0.23|23.1|6.87|0.25|0.03
Goias|3000|49.73|0.5|2.62|15.56|0.15|23.87|7.27|0.38|0.01
Goias|3000|47.38|0.28|6.24|13.06|0.29|23.99|7.03|0.22|0.04
Goias|3000|47.09|0.67|5.3|12.1315664335664|0.21|25.08|8.1|0|0.06
Goias|3000|46.27|0.4|7.28|10.5398041958042|0.17|25.65|7.42|0.97|0.09
Goias|3000|47.92|0.64|2.97|14.9|0.15|26.59|6.46|0.4|0.07
Goias|3000|49.2|0.42|1.95|12.3|0.15|26.6|8.75|0.2|0.01
Goias|3000|47.54|0.29|5.25|11.32|0.15|27.85|6.11|0.2|0.01
Yilgarn|3000|47.57|0.54|5|11.1333426573427|0.12|28.2|6.16|0|0.01
Goias|3000|47.53|0.32|5.62|11.41|0.15|28.26|6.42|0.23|0.01
Goias|3000|47.64|0.39|6.82|8.27356643356643|0.13|28.57|6.74|0.48|0.02
Goias|3000|45.86|0.3|6.51|9.96|0.15|29.54|7.75|0.05|0.01
Goias|3000|51.39|0.31|2.65|11.46|0.15|30.21|3.55|0.1|0.04
Goias|3000|52.71|0.34|3.5|11.69|0.15|30.43|0.85|0.37|0.02
Goias|3000|48.5|0.5|2.39|12.59|0.15|31.96|3.61|0.36|0.01
Goias|3000|46.92|0.23|6.36|9.5|0.15|32.28|4.43|0.16|0.01
Goias|3000|45.95|0.25|4.98|11.97|0.15|32.41|4.33|0.05|0.01
Goias|3000|49.82|0.34|3.1|12.33|0.15|32.47|1.26|0.46|0.14
Goias|3000|44.83|0.29|6.95|11.87|0.15|32.86|3.03|0.11|0.02
Goias|3000|47.53|0.36|2.58|11.9|0.15|33.22|3.78|0.34|0.09
Goias|3000|44.07|0.46|3.92|13.1387832167832|0.15|33.22|3.54|0|0.03
Goias|3000|45.24|0.31|2.16|12.57|0.15|33.26|5.97|0.27|0.03
Goias|3000|46.15|0.28|5.4|10.3|0.15|33.75|3.75|0.25|0.01
Goias|3000|45.1|0.28|5.26|11.15|0.15|34.42|3.74|0.1|0.01
Goias|3000|44.85|0.26|5.26|11.91|0.15|34.43|2.97|0.14|0.01
Goias|3000|47.41|0.19|5.16|11.06|0.15|34.62|0.93|0.08|0.01
Goias|3000|45.95|0.3|4.73|10.99|0.15|34.71|3.14|0.07|0.01
Aldan Shield|3200|49.1|0.45|8.7|10.5|0.19|18|12.1|0.75|0.12
Aldan Shield|3200|48.5|0.93|9.13|10.9|0.26|18.2|11|0.77|0.22
Aldan Shield|3200|47.4|0.93|9.14|12.7|0.22|19|9.79|0.4|0.2
Aldan Shield|3200|46.2|0.98|9.56|13.3|0.27|19.7|8.96|0.69|0.27
Aldan Shield|3200|48|0.44|8.79|10.7|0.25|20|10.9|0.81|0.07
Aldan Shield|3200|49|0.42|8.21|9.89|0.23|20.5|11.4|0.34|0.01
Aldan Shield|3200|49.2|0.57|6.8|13.3|0.22|20.6|9.05|0.07|0.03
Aldan Shield|3200|49.2|0.57|6.51|13.5|0.23|20.6|9.1|0.1|0.04
Aldan Shield|3200|48.5|0.4|8.28|10.9|0.18|21.2|10.3|0.05|0.12
Aldan Shield|3200|47.4|0.56|7.37|13.4|0.32|21.9|8.16|0.69|0.07
Aldan Shield|3200|48.1|0.55|6.17|13.8|0.2|21.9|8.42|0.67|0.06
Aldan Shield|3200|49.2|0.44|6|12.6|0.29|24.6|7.32|0.26|0.05
Aldan Shield|3200|48.8|0.42|5.7|12.6|0.3|25.5|6.32|0.3|0.03
Aldan Shield|3200|49.1|0.4|5.57|12.8|0.3|26.3|5.46|0.2|0.04
Aldan Shield|3200|45.4|0.42|5.8|13.2|0.32|27|7.56|0.22|0.03
Aldan Shield|3200|44.6|0.4|5.63|13|0.3|28.1|7.4|0.5|0.02
Aldan Shield|3200|48.17|0.3|4.23|8.87|0.22|28.44|8.69|0.24|0.85
Aldan Shield|3200|46.91|0.36|4.24|11.24|0.25|29.42|7.11|0.37|0.1
Aldan Shield|3200|47.4|0.26|5.54|9.62|0.37|30.9|5.74|0.12|0.02
Barberton|3266|48.32|0.22|6.68|9.74|0.15|26.02|8.38|0.45|0.02
Barberton|3266|47.7|0.195|5.83|8.95703496503497|0.173|28.8|6.57|0.08|0.1
Barberton|3266|48|0.185|5.7|9.74841958041958|0.163|28.9|5.37|0.08|0.08
Barberton|3266|47.7|0.184|5.29|9.1279020979021|0.152|30.5|5.18|0.09|0.12
Barberton|3266|46.2|0.186|5.32|9.71244755244755|0.164|30.9|5.63|0.06|0.03
Barberton|3266|47.8|0.174|5.08|9.03797202797203|0.141|31.3|4.65|0.08|0.09
Barberton|3266|49.62|0.16|3.93|9.22|0.16|31.71|5.06|0.11|0.02
Barberton|3298|48.64|0.76|8.11|14.06|0.23|17.27|9.76|1.12|0.1
Barberton|3298|47.83|0.66|7.06|12.7|0.19|20.92|9.62|0.83|0.15
Barberton|3298|50.08|0.62|5.78|11.81|0.21|22.09|9.27|1|0.08
Barberton|3298|49.66|0.62|6.29|11.87|0.2|22.21|9.05|1|0.05
Barberton|3298|49.87|0.43|4.34|12.76|0.19|25.51|6.07|0.81|0.01
Barberton|3298|48.98|0.4|4.01|10.87|0.2|26.02|8.99|0.52|0.02
Barberton|3298|47.08|0.5|4.72|13.38|0.19|26.44|7.2|0.42|0.04
Barberton|3298|48.14|0.44|3.98|13.16|0.2|26.71|6.57|0.81|0.1
Barberton|3298|47.28|0.45|4.36|12|0.19|28.28|6.96|0.45|0.02
Barberton|3298|48.44|0.38|3.71|11.2|0.17|28.59|6.98|0.4|0.11
Bundelkhand craton|3300|48.85|0.17|5.52|9.22|0.15|30.42|4.81|0.05|0.13
Bundelkhand craton|3300|46.14|0.14|4.61|8.58|0.14|34.89|4.75|0.04|0.04
Nondweni gst S Africa|3320|50.07|0.7|7.65|12.89|0.21|17.05|10.78|0.61|0.05
Nondweni gst S Africa|3320|49.86|0.7|7.71|12.3|0.23|17.24|11.2|0.78|0.05
Nondweni gst S Africa|3320|52.66|0.68|6.51|10.95|0.24|17.43|11.78|0.52|0.11
Nondweni gst S Africa|3320|49.98|0.72|7.47|12.01|0.23|17.87|11.09|0.41|0.02
Nondweni gst S Africa|3320|50.34|0.62|7.37|11.93|0.24|17.88|10.9|0.51|0.06
Nondweni gst S Africa|3320|50.19|0.66|6.89|12.29|0.17|18.65|10.37|0.52|0.05
Nondweni gst S Africa|3320|49|0.63|7.41|11.8870769230769|0.21|19.03|9.89|0.09|0.05
Nondweni gst S Africa|3320|50.88|0.55|6.34|11.19|0.21|19.36|10.59|0.08|0.03
Nondweni gst S Africa|3320|50.27|0.57|6.86|11.22|0.22|19.63|10.68|0.39|0.05
Nondweni gst S Africa|3320|50.53|0.65|6.41|11.74|0.24|20.04|10.12|0.01|0.03
Nondweni gst S Africa|3320|50.61|0.52|6.3|11.29|0.2|21.11|9.28|0.16|0.04
Nondweni gst S Africa|3320|50.06|0.58|6.63|12.530027972028|0.22|21.62|7.48|0.22|0.01
Dharwar craton|3352|50.6|0.27|6.34|8.75918881118881|0.19|22.91|5.86|0.46|0.06
Dharwar craton|3352|44.04|0.27|5.95|9.31675524475525|0.25|29.9|5.34|0.44|0.07
Dharwar craton|3352|43.15|0.27|4.53|8.78616783216783|0.16|34.14|4.4|0.17|0.03
Pilbara|3400|54.01|0.37|10.6|11.19|0.22|17.12|5.16|1.25|0.09
Pilbara|3400|54.32|0.19|8.91|10.1|0.2|19.33|5.6|1.27|0.08
Barberton|3450|52.6|0.56|6.26|14.7638041958042|0.18|17.14|6.14|0.8|0.62
Barberton|3450|46.44|0.53|7.82|11.72|0.19|17.43|10.45|0.68|0.01
Barberton|3450|51.69|0.48|3.02|10.1535664335664|0.24|17.51|13.81|0.12|0.1
Barberton|3450|47.69|0.49|6.37|10.0578041958042|0.16|19.51|11.12|0.54|0.1
Barberton|3450|48.72|0.36|3.3|11.23|0.18|23.36|10.62|0.28|0.08
Barberton|3450|48.02|0.43|4.14|12.16|0.22|23.47|9.42|0.19|0.02
Barberton|3450|47.86|0.39|3.68|12.05|0.2|23.88|10|0.01|0.02
Barberton|3450|47.99|0.39|3.68|11.81|0.19|24.02|9.96|0.05|0.02
Barberton|3450|49.71|0.4|3.26|11.09|0.18|24.15|9.3|0.12|0.02
Barberton|3450|49.35|0.4|3.69|10.2|0.17|24.19|10|0.26|0.03
Barberton|3450|47.59|0.48|5.25|11.99|0.2|24.2|8.08|0.27|0.09
Barberton|3450|50.4|0.41|3.4|11.3|0.22|24.3|9.51|0.04|0.02
Barberton|3450|48.79|0.37|3.21|11.2|0.17|24.31|9.83|0.23|0.02
Barberton|3450|49.3|0.38|3.72|9.98|0.17|24.36|10.08|0.29|0.04
Barberton|3450|48.14|0.39|3.92|11.33|0.17|24.6|9.3|0.3|0.02
Barberton|3450|47.91|0.4|3.98|11.68|0.17|24.63|9.06|0.29|0.02
Barberton|3450|48.22|0.43|4.42|9.85793006993007|0.17|24.65|7.55|0.29|0.07
Barberton|3450|47.38|0.38|3.94|11.71|0.2|24.94|9.39|0.17|0.02
Barberton|3450|47.96|0.37|3.51|11.23|0.18|26.12|8.59|0.18|0.02
Barberton|3450|46.9|0.4|4.07|11.22|0.2|26.21|8.99|0.05|0.16
Barberton|3450|47.45|0.37|3.77|11.3|0.21|26.53|8.33|0.19|0.03
Barberton|3450|47.46|0.39|3.96|11.45|0.2|27.32|7.03|0.31|0.04
Barberton|3450|47.14|0.37|3.85|11.36|0.2|27.38|7.61|0.26|0.03
Barberton|3450|46.87|0.34|3.47|11.75|0.19|28.39|6.51|0.53|0.05
Barberton|3450|44.86|0.43|4.5|12.44|0.17|28.66|6.75|0.01|0.2
Barberton|3450|45.38|0.24|4.07|12.64|0.21|28.69|6.26|0.34|0.04
Barberton|3450|47|0.36|3.8|11.33|0.17|28.84|6.48|0.15|0.05
Barberton|3450|46.88|0.36|4.04|11.19|0.15|29.12|6.2|0.16|0.08
Barberton|3450|47.29|0.37|3.66|11.18|0.17|29.33|6.09|0.09|0.02
Barberton|3450|44.97|0.23|3.92|13.16|0.23|29.41|5.59|0.28|0.03
Barberton|3450|45.41|0.23|3.86|12.3|0.22|29.51|6|0.34|0.04
Barberton|3450|46.8|0.26|4.5|11|0.2|29.6|5.21|0.28|0.14
Barberton|3450|45.78|0.21|3.48|12.19|0.21|29.62|6.11|0.3|0.03
Barberton|3450|46.21|0.38|4.37|11.3|0.18|29.9|5.71|0.07|0.01
Barberton|3450|45.8|0.22|4|11.6|0.24|30.5|6.12|0.17|0.03
Barberton|3450|47.3|0.29|3.2|13.1|0.21|31|6.06|0.02|0.03
Barberton|3450|47.3|0.29|3.2|13.1|0.21|31|6.06|0.02|0.03
Barberton|3450|45.51|0.2|3.37|11.8|0.2|31.12|5.56|0.17|0.01
Barberton|3450|45.5|0.2|3.46|11.58|0.2|31.53|5.37|0.14|0.02
Barberton|3450|44.61|0.19|3.43|12.68|0.21|31.54|5.08|0.13|0.02
Barberton|3450|47.6|0.27|3.1|9.8|0.2|31.6|6.51|0.02|0.02
Barberton|3450|46.84|0.31|3.07|10.8|0.17|31.6|5.4|0.03|0.02
Barberton|3450|44.8|0.2|3.31|11.46|0.19|32.71|5.1|0.2|0.02
Barberton|3450|46.1|0.25|3.7|9.9|0.17|33.5|3.8|0.13|0.07
Barberton|3450|47.5|0.23|2.5|9.9|0.19|35.1|3.37|0.03|0.02
Barberton|3472|47.53|0.54|4.86|10.225|0.22|20.69|14.56|0|0.02
Barberton|3472|47.24|0.52|4.69|11.925|0.19|21.9|11.93|0|0.01
Barberton|3472|47.25|0.51|4.94|11.196|0.2|22.35|11.88|0|0.01
Barberton|3472|47.69|0.43|4.32|11.565|0.19|26.13|8.24|0.1|0.02
Barberton|3472|48.13|0.38|4.12|11.34|0.19|26.33|8.14|0.05|0.01
Barberton|3472|46.95|0.43|4.43|11.88|0.2|26.79|7.89|0.05|0.01
Barberton|3472|47.74|0.42|4.33|11.655|0.21|26.82|7.35|0.1|0.02
Barberton|3472|47.38|0.4|4.02|11.268|0.19|28.77|6.63|0.04|0.01
Barberton|3490|48.6|0.6|5.81|13.8492307692308|0.24|17.3|10|1.29|0.07
Barberton|3490|48|0.59|5.48|13.3995804195804|0.23|18|10.3|1.27|0.11
Barberton|3490|50.03|0.55|6.27|12.133|0.2|18.74|10.9|0.47|0.03
Barberton|3490|48.8|0.56|5.3|12.3204195804196|0.2|18.9|10.2|1.3|0.07
Barberton|3490|49.6|0.5|5.21|13.139|0.18|19.58|9.59|0.38|0.02
Barberton|3490|48.8|0.54|6.03|10.9714685314685|0.21|19.6|9.63|1.18|0.06
Barberton|3490|49.1|0.36|6.67|11.997|0.29|21.2|9.24|0.35|0.04
Barberton|3490|50.33|0.41|4.57|11.591986013986|0.2|21.38|10.13|0.04|0.02
Barberton|3490|47.63|0.51|5.44|12.069|0.16|22.78|9.65|0.45|0.06
Barberton|3490|48.14|0.44|5.01|12.173|0.23|23.28|9.61|0.29|0.02
Barberton|3490|47.43|0.47|4.96|12.615|0.34|23.57|9.54|0.22|0.02
Barberton|3490|47.47|0.43|4.47|12.3923636363636|0.22|23.7|9.4|0.48|0.02
Barberton|3490|47.51|0.44|4.35|12.3024335664336|0.21|24.02|9.75|0|0
Barberton|3490|49.51|0.39|4.05|10.69|0.18|24.09|10.07|0.25|0.03
Barberton|3490|47.81|0.42|4.61|12.3384055944056|0.23|24.21|8.97|0|0
Barberton|3490|48.56|0.45|4.78|10.882|0.23|24.78|7.88|0.85|0.11
Barberton|3490|47.95|0.43|4.64|11.67|0.22|24.96|9.09|0.16|0.02
Barberton|3490|47.95|0.42|4.64|11.565|0.24|25.29|7.4|0.84|0.09
Barberton|3490|48.42|0.37|4.17|11.307|0.2|25.5|9.03|0.17|0.01
Barberton|3490|45.7|0.41|4.03|11.0613986013986|0.18|25.5|7.85|0.47|0.07
Barberton|3490|48.41|0.39|4.33|11.307|0.22|25.62|8.71|0.22|0.02
Barberton|3490|47.98|0.4|4.32|11.74|0.19|25.65|8.72|0.21|0.03
Barberton|3490|47.34|0.27|4.92|12.46|0.21|25.68|7.39|0.63|0.1
Barberton|3490|47.1|0.39|3.85|9.62251748251748|0.18|26|8.15|0.51|0.07
Barberton|3490|48.21|0.39|4.18|11.72|0.2|26.08|8.25|0.13|0.01
Barberton|3490|46.4|0.496|4.05|12.1405594405594|0.2|26.1|8.24|0.48|0.01
Barberton|3490|46.4|0.496|4.05|12.1405594405594|0.2|26.1|8.24|0.48|0.01
Barberton|3490|45.9|0.38|4.45|10.5218181818182|0.18|26.2|7.73|0.49|0.07
Barberton|3490|48.41|0.41|4.4|10.81|0.19|26.26|7.32|0.71|0.04
Barberton|3490|47.02|0.4|4.29|12.2304895104895|0.19|26.3|8.16|0|0
Barberton|3490|47|0.485|4.4|10.7016783216783|0.21|26.4|8.52|0.5|0.02
Barberton|3490|45.6|0.37|4.24|11.0613986013986|0.18|26.4|7.12|0.48|0.07
Barberton|3490|45.5|0.32|4.09|11.0613986013986|0.17|26.4|7.08|0.47|0.08
Barberton|3490|46.71|0.42|4.45|12.329|0.2|26.69|7.35|0.28|0.01
Barberton|3490|46.3|0.444|4.18|12.1405594405594|0.2|26.8|7.48|0.49|0.02
Barberton|3490|47.74|0.4|4.01|12.123|0.19|26.88|7.71|0.17|0.01
Barberton|3490|47.14|0.42|4.46|11.966|0.21|26.91|7.87|0.16|0.01
Barberton|3490|47.37|0.41|4.5|11.66|0.2|26.97|7.9|0.2|0.02
Barberton|3490|47.8|0.38|3.95|11.1873006993007|0.19|27.1|8.11|0|0
Barberton|3490|45.8|0.447|4.1|12.2304895104895|0.19|27.1|7.59|0.47|0.02
Barberton|3490|46.2|0.424|4.07|11.9606993006993|0.21|27.2|7.51|0.51|0.02
Barberton|3490|46.2|0.424|4.07|11.9606993006993|0.21|27.2|7.51|0.51|0.02
Barberton|3490|46.1|0.439|4.14|12.1405594405594|0.21|27.2|7.38|0.42|0.02
Barberton|3490|47.48|0.38|4.24|12.133|0.18|27.28|7.33|0.2|0.02
Barberton|3490|47.22|0.38|4.1|12.042|0.21|27.37|6.44|0.69|0.07
Barberton|3490|47.91|0.37|4.14|11.445|0.18|27.51|7.49|0.17|0.02
Barberton|3490|47.77|0.38|4.26|11.514|0.19|27.62|7.29|0.19|0.02
Barberton|3490|47.25|0.41|4.3|11.745|0.23|27.74|6.65|0.76|0.07
Barberton|3490|47.65|0.37|4.12|11.701|0.18|27.86|7.1|0.22|0.02
Barberton|3490|47.72|0.38|4.25|11.111|0.19|28.14|7.21|0.2|0.02
Barberton|3490|47.29|0.38|4.3|11.897|0.18|28.25|6.72|0.17|0.02
Barberton|3490|46.55|0.38|4.12|11.9067412587413|0.19|28.38|7.1|0|0
Barberton|3490|47.23|0.37|3.79|11.079|0.19|28.67|6.45|0.15|0.01
Barberton|3490|47.33|0.34|3.68|10.9714685314685|0.19|28.69|7.1|0.43|0.02
Barberton|3490|47.06|0.36|3.96|11.72|0.19|28.71|7.01|0.12|0.02
Barberton|3490|47.26|0.35|3.83|11.4840699300699|0.2|28.77|6.78|0|0
Barberton|3490|48|0.34|3.72|10.934|0.19|29|6.93|0.12|0.01
Barberton|3490|47.38|0.38|4|11.25|0.17|29.42|6.46|0.15|0.01
Barberton|3490|47.1|0.24|4.04|11.511048951049|0.22|29.56|5.44|0.46|0.09
Barberton|3490|47.1|0.24|4.04|11.52|0.22|29.56|5.44|0.46|0.09
Barberton|3490|46.9|0.41|3.79|10.0721678321678|0.22|29.6|6.91|0.32|0.01
Barberton|3490|48.46|0.3|4.14|9.891|0.18|29.95|6.27|0.09|0.01
Barberton|3490|47.22|0.34|3.53|11.1333426573427|0.18|29.99|6.21|0.11|0.02
Barberton|3490|46.86|0.25|4.51|11.17|0.18|30.27|5.17|0.39|0.26
Barberton|3490|46.2|0.35|3.57|12.2|0.2|30.6|5.54|0.2|0.01
Barberton|3490|47.52|0.34|3.75|10.91|0.17|30.64|5.74|0.07|0.01
Barberton|3490|47.69|0.33|3.68|10.875|0.2|30.72|5.64|0.09|0.01
Barberton|3490|47.38|0.35|3.8|10.363|0.19|30.78|6.26|0.08|0.03
Barberton|3490|46.64|0.35|3.77|11.22|0.2|30.79|6.01|0.19|0.02
Barberton|3490|47.38|0.35|3.81|10.235|0.19|30.87|6.24|0.1|0.03
Barberton|3490|47.06|0.32|3.49|11.219|0.19|31.09|5.79|0.08|0.01
Barberton|3490|47.56|0.3|3.67|10.57|0.21|31.32|5.47|0.09|0.01
Barberton|3490|46.77|0.33|3.42|11.07|0.19|31.51|5.67|0.15|0.08
Barberton|3490|46.74|0.3|3.29|10.837|0.18|31.68|6.06|0.07|0.01
Barberton|3490|46.85|0.21|4.46|10.32|0.17|32.1|4.65|0.18|0.04
Barberton|3490|45.23|0.2|3.66|10.971|0.22|32.16|5.28|0.44|0.17
Barberton|3490|46.84|0.3|3.12|11.494|0.19|32.34|4.87|0.05|0.01
Barberton|3490|44.76|0.47|3.8|12.14|0.19|32.45|4.85|0.05|0.07
Barberton|3490|43.44|0.29|3.09|13.57|0.21|32.76|2.8|0.06|0.04
Barberton|3490|46.53|0.28|3.11|11.17|0.17|32.91|4.77|0.07|0.01
Barberton|3490|44.86|0.28|3.12|13.61|0.18|33.01|3.76|0.01|0.01
Barberton|3490|46.97|0.29|3.32|10.393|0.21|33.29|4.69|0.06|0.01
Barberton|3490|46.75|0.27|3.02|10.442|0.2|33.86|4.62|0.04|0.01
Barberton|3490|46.4|0.26|2.8|10.4139020979021|0.17|34.32|4.12|0.31|0.02
Barberton|3490|44.83|0.32|3.62|12.07|0.19|34.92|3.68|0.03|0.04
Barberton|3490|44.23|0.33|3.82|11.14|0.17|34.94|4.19|0.05|0.04
Barberton|3490|46.55|0.26|2.86|10.757|0.21|34.95|3.58|0.04|0.01
Pilbara|3515|49.38|0.27|6.48|8.77717482517483|0.17|22.89|7.82|0.047|0.02
Barberton|3530|44.28|0.31|3.31|13.516|0.18|31.34|3.3|0.09|0.05
Barberton|3530|45.2|0.32|3.38|13.8|0.18|31.99|3.37|0.09|0.05
Nuvvuagittuq Greenstone belt|3825|49.44|0.65|5.51|11.8|0.29|17.79|11.34|0.48|0.13
Nuvvuagittuq Greenstone belt|3825|46.77|0.64|6.15|14.58|0.26|18.14|10.69|0.25|0.06
Nuvvuagittuq Greenstone belt|3825|46.1|0.61|5.8|13.57|0.18|20.79|9.4|0.24|0.06
Nuvvuagittuq Greenstone belt|3825|46.51|0.39|11.28|10.51|0.17|20.89|6.56|0.66|0.12
Nuvvuagittuq Greenstone belt|3825|44.69|0.46|11.73|9.99|0.12|22.27|5.49|0.3|0.12
Nuvvuagittuq Greenstone belt|3825|47.3|0.29|3.2|13.1|0.21|31|6.06|0.02|0.03
